variable,responses_en,responses_de,ref_variables,label_en,label_de
YRSQUAL,"Scale: continuous; .V	'Valid skip''; .D	'Don't know'?; .R	'Refused'?; .N 	'Not stated or inferred'?; Reference variables",Maßstab: kontinuierlich; .V 'Gültiger Sprung'; .D „Weiß nicht“; .R „Abgelehnt“; .N „Nicht angegeben oder abgeleitet“; Referenzvariablen,,Highest level of education obtained imputed into years of education (derived),"Höchster erreichter Bildungsabschluss, unterstellt in Bildungsjahre (abgeleitet)"
YRSGET,"Scale: continuous; .V	'Valid skip''; .D	'Don't know'?; .R	'Refused'?; .N 	'Not stated or inferred'?; Reference variables",Maßstab: kontinuierlich; .V 'Gültiger Sprung'; .D „Weiß nicht“; .R „Abgelehnt“; .N „Nicht angegeben oder abgeleitet“; Referenzvariablen,,Imputed years of formal education needed to get the job (self-reported - derived),"Angerechnete Jahre formaler Ausbildung, die erforderlich sind, um den Job zu bekommen (selbst angegeben – abgeleitet)"
VET,"Scale: binary (categorical); 0    'False'?; 1    'True'?; .V	'Valid skip''; .D	'Don't know'?; .R	'Refused'?; .N 	'Not stated or inferred'?",Skala: binär (kategorial); 0 „Falsch“; 1 „Wahr“; .V 'Gültiger Sprung'; .D „Weiß nicht“; .R „Abgelehnt“; .N „Nicht angegeben oder abgeleitet“.,SAS code,"Respondent's highest level of education obtained is vocationally oriented (derived, ISCED3 and 4 only)","Der höchste Bildungsabschluss des Befragten ist berufsorientiert (abgeleitet, nur ISCED3 und 4)"
CTRYQUAL,"Scale: discrete (categorical); 1	'Arab States'?; 2	'South and West Asia'?; 3 	'Latin America and the Caribbean'?; 4 	'Sub-Saharan Africa'?; 5 	'East Asia and the Pacific (poorer countries)'?; 6 	'Central Asia'?; 7 	'East Asia and the Pacific (richer countries)'?; 8 	'Central and Eastern Europe'?; 9 	'North America and Western Europe'?; .V	'Valid skip''; .D	'Don't know'?; .R	'Refused'?; .N 	'Not stated or inferred'?",Skala: diskret (kategorisch); 1 „Arabische Staaten“; 2 „Süd- und Westasien“; 3 „Lateinamerika und die Karibik“; 4 „Afrika südlich der Sahara“; 5 „Ostasien und der Pazifikraum (ärmere Länder)“; 6 „Zentralasien“; 7 „Ostasien und der Pazifikraum (reichere Länder)“; 8 „Mittel- und Osteuropa“; 9 „Nordamerika und Westeuropa“; .V 'Gültiger Sprung'; .D „Weiß nicht“; .R „Abgelehnt“; .N „Nicht angegeben oder abgeleitet“.,CNT_H,Country where highest qualification obtained (9 regions - derived),"Land, in dem die höchste Qualifikation erworben wurde (9 Regionen – abgeleitet)"
BIRTHRGN,"Scale: discrete (categorical); 1	'Arab States'?; 2	'South and West Asia'?; 3 	'Latin America and the Caribbean'?; 4 	'Sub-Saharan Africa'?; 5 	'East Asia and the Pacific (poorer countries)'?; 6 	'Central Asia'?; 7 	'East Asia and the Pacific (richer countries)'?; 8 	'Central and Eastern Europe'?; 9 	'North America and Western Europe'?; .V	'Valid skip''; .D	'Don't know'?; .R	'Refused'?; .N 	'Not stated or inferred'?",Skala: diskret (kategorisch); 1 „Arabische Staaten“; 2 „Süd- und Westasien“; 3 „Lateinamerika und die Karibik“; 4 „Afrika südlich der Sahara“; 5 „Ostasien und der Pazifikraum (ärmere Länder)“; 6 „Zentralasien“; 7 „Ostasien und der Pazifikraum (reichere Länder)“; 8 „Mittel- und Osteuropa“; 9 „Nordamerika und Westeuropa“; .V 'Gültiger Sprung'; .D „Weiß nicht“; .R „Abgelehnt“; .N „Nicht angegeben oder abgeleitet“.,CNT_BRTH,Country of birth (9 regions - derived),Geburtsland (9 Regionen – abgeleitet)
FIRLGRGN,"Scale: discrete (categorical); 1	'Arab States'?; 2	'South and West Asia'?; 3 	'Latin America and the Caribbean'?; 4 	'Sub-Saharan Africa'?; 5 	'East Asia and the Pacific (poorer countries)'?; 6 	'Central Asia'?; 7 	'East Asia and the Pacific (richer countries)'?; 8 	'Central and Eastern Europe'?; 9 	'North America and Western Europe'?; .V	'Valid skip''; .D	'Don't know'?; .R	'Refused'?; .N 	'Not stated or inferred'?",Skala: diskret (kategorisch); 1 „Arabische Staaten“; 2 „Süd- und Westasien“; 3 „Lateinamerika und die Karibik“; 4 „Afrika südlich der Sahara“; 5 „Ostasien und der Pazifikraum (ärmere Länder)“; 6 „Zentralasien“; 7 „Ostasien und der Pazifikraum (reichere Länder)“; 8 „Mittel- und Osteuropa“; 9 „Nordamerika und Westeuropa“; .V 'Gültiger Sprung'; .D „Weiß nicht“; .R „Abgelehnt“; .N „Nicht angegeben oder abgeleitet“.,LNG_L1,Source region of first language learned at home in childhood and still understand (9 regions - derived),"Herkunftsregion der Muttersprache, die in der Kindheit zu Hause gelernt und noch verstanden wurde (9 Regionen – abgeleitet)"
SECLGRGN,"Scale: discrete (categorical); 1	'Arab States'?; 2	'South and West Asia'?; 3 	'Latin America and the Caribbean'?; 4 	'Sub-Saharan Africa'?; 5 	'East Asia and the Pacific (poorer countries)'?; 6 	'Central Asia'?; 7 	'East Asia and the Pacific (richer countries)'?; 8 	'Central and Eastern Europe'?; 9 	'North America and Western Europe'?; .V	'Valid skip''; .D	'Don't know'?; .R	'Refused'?; .N 	'Not stated or inferred'?",Skala: diskret (kategorisch); 1 „Arabische Staaten“; 2 „Süd- und Westasien“; 3 „Lateinamerika und die Karibik“; 4 „Afrika südlich der Sahara“; 5 „Ostasien und der Pazifikraum (ärmere Länder)“; 6 „Zentralasien“; 7 „Ostasien und der Pazifikraum (reichere Länder)“; 8 „Mittel- und Osteuropa“; 9 „Nordamerika und Westeuropa“; .V 'Gültiger Sprung'; .D „Weiß nicht“; .R „Abgelehnt“; .N „Nicht angegeben oder abgeleitet“.,LNG_L2,Source region of second language learned at home in childhood and still understand (9 regions - derived),"Herkunftsregion der Zweitsprache, die in der Kindheit zu Hause gelernt und noch verstanden wurde (9 Regionen – abgeleitet)"
HOMLGRGN,"Scale: discrete (categorical); 1	'Arab States'?; 2	'South and West Asia'?; 3 	'Latin America and the Caribbean'?; 4 	'Sub-Saharan Africa'?; 5 	'East Asia and the Pacific (poorer countries)'?; 6 	'Central Asia'?; 7 	'East Asia and the Pacific (richer countries)'?; 8 	'Central and Eastern Europe'?; 9 	'North America and Western Europe'?; .V	'Valid skip''; .D	'Don't know'?; .R	'Refused'?; .N 	'Not stated or inferred'?",Skala: diskret (kategorisch); 1 „Arabische Staaten“; 2 „Süd- und Westasien“; 3 „Lateinamerika und die Karibik“; 4 „Afrika südlich der Sahara“; 5 „Ostasien und der Pazifikraum (ärmere Länder)“; 6 „Zentralasien“; 7 „Ostasien und der Pazifikraum (reichere Länder)“; 8 „Mittel- und Osteuropa“; 9 „Nordamerika und Westeuropa“; .V 'Gültiger Sprung'; .D „Weiß nicht“; .R „Abgelehnt“; .N „Nicht angegeben oder abgeleitet“.,LNG_HOME,Source region of language spoken most often at home (9 regions - derived),Herkunftsregion der zu Hause am häufigsten gesprochenen Sprache (9 Regionen – abgeleitet)
FORBORNLANG,"Scale: binary (categorical); 0	'Either native-born or native-language'?; 1	'Foreign-born and foreign-language'?; .N 	'Not stated or inferred'?; ",Skala: binär (kategorial); 0 „Entweder im Mutterland geboren oder muttersprachlich“; 1 „Im Ausland geboren und fremdsprachig“; .N „Nicht angegeben oder abgeleitet“;,BORNLANG,Interactions between foreign-born and language status (2 categories - derived),Wechselwirkungen zwischen im Ausland Geborenem und Sprachstatus (2 Kategorien – abgeleitet)
PARED,"Scale: ordinal (categorical); 1	'Neither parent has attained upper secondary'?; 2	'At least one parent has attained secondary and post-secondary, non-tertiary'?; 3	'At least one parent has attained tertiary'?; .V	'Valid skip''; .D	'Don't know'?; .R	'Refused'?; .N 	'Not stated or inferred'?","Skala: ordinal (kategorial); 1 „Keiner der Eltern hat einen Abschluss der Sekundarstufe II erreicht“; 2 „Mindestens ein Elternteil hat einen Abschluss im Sekundar-, Postsekundar- und nicht Tertiärbereich“; 3 „Mindestens ein Elternteil hat einen Abschluss im Tertiärbereich“; .V 'Gültiger Sprung'; .D „Weiß nicht“; .R „Abgelehnt“; .N „Nicht angegeben oder abgeleitet“.","J_Q06b, J_Q07b",Highest of mother or father's level of education (derived),Höchster Bildungsgrad der Mutter oder des Vaters (abgeleitet)
NATIVELANG,"Scale: discrete (categorical); 0	'Test language not same as native language'?; 1	'Test language same as native language'?; .V	'Valid skip''; .D	'Don't know'?; .R	'Refused'?; .N 	'Not stated or inferred'?; ",Skala: diskret (kategorisch); 0 „Testsprache entspricht nicht der Muttersprache“; 1 „Testsprache gleich Muttersprache“; .V 'Gültiger Sprung'; .D „Weiß nicht“; .R „Abgelehnt“; .N „Nicht angegeben oder abgeleitet“;,"LNG_CI, LNG_L1, LNG_L2",Test language same as native language (derived),Testsprache gleich Muttersprache (abgeleitet)
BORNLANG,"Scale: discrete (categorical); 1	'Native-born and native-language'?; 2	'Native-born and foreign-language'?; 3	'Foreign-born and native-language'?; 4	'Foreign-born and foreign-language'?; .V	'Valid skip''; .D	'Don't know'?; .R	'Refused'?; .N 	'Not stated or inferred'?",Skala: diskret (kategorisch); 1 „Im Mutterland geboren und muttersprachlich“; 2 „Muttersprachlich und fremdsprachig“; 3 „Im Ausland geboren und muttersprachlich“; 4 „Im Ausland geboren und fremdsprachig“; .V 'Gültiger Sprung'; .D „Weiß nicht“; .R „Abgelehnt“; .N „Nicht angegeben oder abgeleitet“.,"J_Q04a,  NATIVELANG",Interactions between place of birth and language status (derived),Wechselwirkungen zwischen Geburtsort und Sprachstatus (abgeleitet)
NATBILANG,"Scale: binary (categorical); 0	'Monolingual or at least bilingual not including test language'?; 1	'At least bilingual including test language'?; .V	'Valid skip''; .D	'Don't know'?; .R	'Refused'?; .N 	'Not stated or inferred'?",Skala: binär (kategorial); 0 „Einsprachig oder mindestens zweisprachig ohne Prüfungssprache“; 1 „Mindestens zweisprachig einschließlich Testsprache“; .V 'Gültiger Sprung'; .D „Weiß nicht“; .R „Abgelehnt“; .N „Nicht angegeben oder abgeleitet“.,"LNG_CI, LNG_L1, LNG_L2",Has learned as a child and still understands at least two languages including test language (derived),"Hat als Kind gelernt und versteht immer noch mindestens zwei Sprachen, einschließlich der Testsprache (abgeleitet)"
FORBILANG,"Scale: binary (categorical); 0	'Monolingual or at least bilingual including test language'?; 1	'At least bilingual not including test language'?; .V	'Valid skip''; .D	'Don't know'?; .R	'Refused'?; .N 	'Not stated or inferred'?",Skala: binär (kategorial); 0 „Einsprachig oder mindestens zweisprachig inklusive Testsprache“; 1 „Mindestens zweisprachig ohne Prüfungssprache“; .V 'Gültiger Sprung'; .D „Weiß nicht“; .R „Abgelehnt“; .N „Nicht angegeben oder abgeleitet“.,"LNG_CI, LNG_L1, LNG_L2",Has learned as a child and still understands at least two languages not including test language (derived),"Hat als Kind gelernt und versteht immer noch mindestens zwei Sprachen, außer der Testsprache (abgeleitet)"
HOMLANG,"Scale: binary (categorical); 0	'Test language not same as home language'?; 1	'Test language same as home language'?; .V	'Valid skip''; .D	'Don't know'?; .R	'Refused'?; .N 	'Not stated or inferred'?",Skala: binär (kategorial); 0 'Testsprache ist nicht dieselbe wie die Muttersprache'?; 1 „Testsprache gleich wie Heimatsprache“; .V 'Gültiger Sprung'; .D „Weiß nicht“; .R „Abgelehnt“; .N „Nicht angegeben oder abgeleitet“.,"LNG_HOME, LNG_CI",Test language same as language spoken most often at home (derived),"Testsprache entspricht der Sprache, die zu Hause am häufigsten gesprochen wird (abgeleitet)"
CTRYRGN,"Scale: discrete (categorical); 1	'Arab States'?; 2	'South and West Asia'?; 3 	'Latin America and the Caribbean'?; 4 	'Sub-Saharan Africa'?; 5 	'East Asia and the Pacific (poorer countries)'?; 6 	'Central Asia'?; 7 	'East Asia and the Pacific (richer countries)'?; 8 	'Central and Eastern Europe'?; 9 	'North America and Western Europe'?; .N 	'Not stated or inferred'?",Skala: diskret (kategorisch); 1 „Arabische Staaten“; 2 „Süd- und Westasien“; 3 „Lateinamerika und die Karibik“; 4 „Afrika südlich der Sahara“; 5 „Ostasien und der Pazifikraum (ärmere Länder)“; 6 „Zentralasien“; 7 „Ostasien und der Pazifikraum (reichere Länder)“; 8 „Mittel- und Osteuropa“; 9 „Nordamerika und Westeuropa“; .N „Nicht angegeben oder abgeleitet“.,CNTRYID,Country region (9 regions),Länderregion (9 Regionen)
IMPAR,"Scale: discrete (categorical); 1	'Both parents foreign-born'?; 2	'One parent foreign-born'?; 3	'Both parents native-born'?; .N 	'Not stated or inferred'?",Skala: diskret (kategorisch); 1 „Beide Eltern sind im Ausland geboren“; 2 „Ein Elternteil ist im Ausland geboren“; 3 „Beide Eltern sind im Inland geboren“; .N „Nicht angegeben oder abgeleitet“.,"J_Q06a, J_Q07a",Parents' immigration status (derived),Einwanderungsstatus der Eltern (abgeleitet)
IMGEN,"Scale: discrete (categorical); 1	'1st generation immigrants'?; 2	'2nd generation immigrants'?; 3	'Non 1st or 2nd generation immigrants'?; .A	'Non-immigrant and one foreign-born parent'?; .N 	'Not stated or inferred'?","Skala: diskret (kategorisch); 1 „Einwanderer der ersten Generation“; 2 „Einwanderer der 2. Generation“; 3 „Einwanderer, die nicht der ersten oder zweiten Generation angehören“; .Ein „Nichteinwanderer und ein im Ausland geborener Elternteil“; .N „Nicht angegeben oder abgeleitet“.","IMPAR, FOREIGNBORN, J_Q04a",First and second generation immigrants (derived),Einwanderer der ersten und zweiten Generation (abgeleitet)
IMYRS,"Scale: continuous; .A	'Native born'?; .N 	'Not stated or inferred'?",Maßstab: kontinuierlich; .Ein „Eingeborener“; .N „Nicht angegeben oder abgeleitet“.,"AGE_R, J_Q04c1,  J_Q04a",Years in country (derived),Jahre im Land (abgeleitet)
IMYRS_C,"Scale: ordinal (categorical); 1    	'0-5 years'?; 2   	'6-10 years'?; 3    	'11-15 years'?; 4   	'more than 15 years'?; .V  	'Valid skip'?; .D  	'Don't know'?; .R  	'Refused'?; .N  	'Not stated or inferred'?",Skala: ordinal (kategorial); 1 „0-5 Jahre“; 2 „6-10 Jahre“; 3 „11–15 Jahre“; 4 „mehr als 15 Jahre“; .V 'Gültiger Sprung'?; .D „Weiß nicht“; .R „Abgelehnt“; .N „Nicht angegeben oder abgeleitet“.,IMYRS,"Years in country (categorised, 4 categories)","Jahre im Land (kategorisiert, 4 Kategorien)"
IMYRCAT,"Scale: ordinal (categorical); 1	'In host country 5 or fewer years'?; 2	'In host country more than 5 years'?; 3	'Non-immigrants'?; .N 	'Not stated or inferred'?",Skala: ordinal (kategorial); 1 „Im Gastland 5 oder weniger Jahre“; 2 „Mehr als 5 Jahre im Gastland“; 3 „Nichteinwanderer“; .N „Nicht angegeben oder abgeleitet“.,"J_Q04a, IMYRS",Years in country (2-category - derived),Jahre im Land (2-Kategorie – abgeleitet)
AGEG5LFS,"Scale: ordinal (categorical); 1	'Aged 16-19'?; 2	'Aged 20-24'?; 3	'Aged 25-29'?; 4	'Aged 30-34'?; 5	'Aged 35-39'?; 6	'Aged 40-44'?; 7	'Aged 45-49'?; 8	'Aged 50-54'?; 9	'Aged 55-59'?; 10	'Aged 60-65'?; .N 	'Not stated or inferred'?",Skala: ordinal (kategorial); 1 „Alter 16–19“; 2 „Alter 20–24“; 3 „Alter 25–29“; 4 „Alter 30–34“; 5 „Alter 35–39“; 6 „Alter 40–44“; 7 „Alter 45–49“; 8 „Alter 50–54“; 9 „Alter 55–59“; 10 „Alter 60–65“; .N „Nicht angegeben oder abgeleitet“.,AGE_R,Age groups in 5-year intervals based on LFS groupings (derived),Altersgruppen in 5-Jahres-Intervallen basierend auf LFS-Gruppierungen (abgeleitet)
AGEG10LFS,"Scale: ordinal (categorical); 1	'24 or less'?; 2	'25-34'?; 3 	'35-44'?; 4 	'45-54'?; 5 	'55 plus'?; .V	'Valid skip''; .D	'Don't know'?; .R	'Refused'?; .N 	'Not stated or inferred'?",Skala: ordinal (kategorial); 1 „24 oder weniger“; 2 '25-34'; 3 '35-44'; 4 '45-54'?; 5 '55 plus'?; .V 'Gültiger Sprung'; .D „Weiß nicht“; .R „Abgelehnt“; .N „Nicht angegeben oder abgeleitet“.,AGEG5LFS,Age in 10 year bands (derived),Alter in 10-Jahres-Bändern (abgeleitet)
EDCAT8,"Scale: ordinal (categorical); 1	'Primary or less (ISCED 1 or less)'?; 2	'Lower secondary (ISCED 2, ISCED 3C short)'?; 3	'Upper secondary (ISCED 3A-B, C long)'?; 4	'Post-secondary, non-tertiary (ISCED 4A-B-C)'?; 5	'Tertiary '? professional degree (ISCED 5B)'?; 6	'Tertiary '? bachelor degree (ISCED 5A)'?; 7	'Tertiary '? master degree (ISCED 5A)'?; 8	'Tertiary '? research degree (ISCED 6)'?; 9	'Tertiary - bachelor/master/research degree (ISCED 5A/6)'?; .N 	'Not stated or inferred'?","Skala: ordinal (kategorial); 1 „Grundschule oder weniger (ISCED 1 oder weniger)“; 2 „Sekundarstufe I (ISCED 2, ISCED 3C kurz)“; 3 „Obere Sekundarstufe (ISCED 3A-B, C lang)“; 4 „Postsekundärer, nicht tertiärer Bereich (ISCED 4A-B-C)“; 5 „Tertiärer“ Berufsabschluss (ISCED 5B)“; 6 „Tertiärer“ Bachelor-Abschluss (ISCED 5A)“; 7 „Tertiärer Master-Abschluss (ISCED 5A)“; 8 „Tertiärer Forschungsabschluss (ISCED 6)“; 9 „Tertiärbereich – Bachelor-/Master-/Forschungsabschluss (ISCED 5A/6)“; .N „Nicht angegeben oder abgeleitet“.","B_Q01a, B_Q01a3",Highest level of formal education obtained (8 categories - derived),Höchster formaler Bildungsabschluss (8 Kategorien – abgeleitet)
EDCAT7,"Scale: ordinal (categorical); 1	'Primary or less (ISCED 1 or less)'?; 2	'Lower secondary (ISCED 2, ISCED 3C short)'?; 3	'Upper secondary (ISCED 3A-B, C long)'?; 4	'Post-secondary, non-tertiary (ISCED 4A-B-C)'?; 5	'Tertiary '? professional degree (ISCED 5B)'?; 6	'Tertiary '? bachelor degree (ISCED 5A)'?; 7	'Tertiary '? master/research degree (ISCED 5A/6)'?; 8	'Tertiary - bachelor/master/research degree (ISCED 5A/6)'?; .N 	'Not stated or inferred'?","Skala: ordinal (kategorial); 1 „Grundschule oder weniger (ISCED 1 oder weniger)“; 2 „Sekundarstufe I (ISCED 2, ISCED 3C kurz)“; 3 „Obere Sekundarstufe (ISCED 3A-B, C lang)“; 4 „Postsekundärer, nicht tertiärer Bereich (ISCED 4A-B-C)“; 5 „Tertiärer“ Berufsabschluss (ISCED 5B)“; 6 „Tertiärer“ Bachelor-Abschluss (ISCED 5A)“; 7 „Tertiärer Master-/Forschungsabschluss (ISCED 5A/6)“; 8 „Tertiärbereich – Bachelor-/Master-/Forschungsabschluss (ISCED 5A/6)“; .N „Nicht angegeben oder abgeleitet“.",EDCAT8,Highest level of formal education obtained (7 categories - derived),Höchster erreichter formaler Bildungsabschluss (7 Kategorien – abgeleitet)
EDCAT6,"Scale: ordinal (categorical); 1	'Lower secondary or less (ISCED 1,2, 3C short or less)'?; 2	'Upper secondary (ISCED 3A-B, C long)'?; 3	'Post-secondary, non-tertiary (ISCED 4A-B-C)'?; 4	'Tertiary '? professional degree (ISCED 5B)'?; 5	'Tertiary '? bachelor degree (ISCED 5A)'?; 6	'Tertiary '? master/research degree (ISCED 5A/6)'?; 7	'Tertiary - bachelor/master/research degree (ISCED 5A/6)'?; .N 	'Not stated or inferred'?","Skala: ordinal (kategorial); 1 „Sekundarstufe I oder weniger (ISCED 1,2, 3C kurz oder weniger)“; 2 „Obere Sekundarstufe (ISCED 3A-B, C lang)“; 3 „Postsekundärer, nicht tertiärer Bereich (ISCED 4A-B-C)“; 4 „Tertiärer“ Berufsabschluss (ISCED 5B)“; 5 „Tertiärer Bachelor-Abschluss (ISCED 5A)“; 6 „Tertiärer Master-/Forschungsabschluss (ISCED 5A/6)“; 7 „Tertiärbereich – Bachelor-/Master-/Forschungsabschluss (ISCED 5A/6)“; .N „Nicht angegeben oder abgeleitet“.",EDCAT7,Highest level of formal education obtained (6 categories - derived),Höchster formaler Bildungsabschluss (6 Kategorien – abgeleitet)
LEAVER1624,"Scale: discrete (categorical); 0	'Completed ISCED 3 or is still in education, aged 16 to 24'?; 1	'Not in education, did not complete ISCED 3, aged 16 to 24'?; .A	'Adults older than 24'?; .U	'Unknown'?","Skala: diskret (kategorisch); 0 „ISCED 3 abgeschlossen oder noch in der Ausbildung, im Alter von 16 bis 24 Jahren“; 1 „Nicht in Ausbildung, ISCED 3 nicht abgeschlossen, Alter 16 bis 24“; .A „Erwachsene älter als 24“; .U 'Unbekannt'?","AGE_R, EDCAT8, B_Q02a",Youth aged 16 to 24 who have left education without completing ISCED 3 or higher (derived),"Jugendliche im Alter von 16 bis 24 Jahren, die ihre Ausbildung ohne Abschluss von ISCED 3 oder höher abgeschlossen haben (abgeleitet)"
LEAVEDU,"Scale: continuous; .A	'Still in education'?; .N 	'Not stated or inferred'?",Maßstab: kontinuierlich; .A „Noch in der Ausbildung“; .N „Nicht angegeben oder abgeleitet“.,"B_Q02a, B_Q03a, B_Q01c1, B_Q01c2, A_Q01a, B_Q03c1, B_Q03c2",Respondent's age when leaving formal education (derived),Alter des Befragten beim Verlassen der formalen Ausbildung (abgeleitet)
FE12,"Scale: binary (categorical); 0	'Did not participate in FE'?; 1	'Participated in FE'?; .V	'Valid skip''; .D	'Don't know'?; .R	'Refused'?; .N 	'Not stated or inferred'?",Skala: binär (kategorial); 0 „Hat nicht an FE teilgenommen“; 1 „An FE teilgenommen“; .V 'Gültiger Sprung'; .D „Weiß nicht“; .R „Abgelehnt“; .N „Nicht angegeben oder abgeleitet“.,"B_D01d, B_Q02a, B_D03d, B_Q04a",Participated in formal education in 12 months preceding survey (derived),Teilnahme an formaler Bildung in den 12 Monaten vor der Umfrage (abgeleitet)
AETPOP,"Scale: binary (categorical); 0	'Excluded from AET population'?; 1	'AET population'?; .N 	'Not stated or inferred'?",Skala: binär (kategorial); 0 „Aus der AET-Population ausgeschlossen“; 1 „AET-Population“; .N „Nicht angegeben oder abgeleitet“.,"AGE_R, FE12, EDCAT8, B_Q02a, B_Q02b, B_Q03a, B_Q03b, B_Q05a",Adult education/training population (AET) - excludes youths 16-24 in initial cycle of studies (derived),Erwachsenenbildungs-/Ausbildungspopulation (AET) – ohne Jugendliche zwischen 16 und 24 Jahren im ersten Studienzyklus (abgeleitet)
FAET12,"Scale: binary (categorical); 0	'Did not participate in formal AET'?; 1	'Participated in formal AET'?; .A	'Student in regular cycle of studies'?; .V	'Valid skip''; .D	'Don't know'?; .R	'Refused'?; .N 	'Not stated or inferred'?",Skala: binär (kategorial); 0 „Hat nicht am formellen AET teilgenommen“; 1 „Teilnahme am formellen AET“; .Ein „Student im regulären Studienzyklus“; .V 'Gültiger Sprung'; .D „Weiß nicht“; .R „Abgelehnt“; .N „Nicht angegeben oder abgeleitet“.,"FE12, AETPOP",Participated in formal AET in 12 months preceding survey (see AETPOP - derived),Hat in den 12 Monaten vor der Umfrage am formellen AET teilgenommen (siehe AETPOP – abgeleitet)
FAET12JR,"Scale: binary (categorical); 0	'Did not participate in formal AET for JR reasons'?; 1	'Participated in formal AET for JR reasons'?; .A	'Student in regular cycle of studies'?; .U	'Unknown'?",Skala: binär (kategorial); 0 „Hat aus JR-Gründen nicht am formellen AET teilgenommen“; 1 „Habe aus JR-Gründen am formellen AET teilgenommen“; .Ein „Student im regulären Studienzyklus“; .U 'Unbekannt'?,"FAET12, B_Q05c, AETPOP",Participated in formal AET for job-related reasons in 12 months preceding survey (see AETPOP - derived),Hat aus berufsbezogenen Gründen in den 12 Monaten vor der Umfrage am formellen AET teilgenommen (siehe AETPOP – abgeleitet)
FAET12NJR,"Scale: binary (categorical); 0	'Did not participate in FE for NJR reasons'?; 1	'Participated in FE for NJR reasons'?; .A	'Student in regular cycle of studies'?; .U	'Unknown'?",Skala: binär (kategorial); 0 „Hat aus NJR-Gründen nicht an FE teilgenommen“; 1 „Habe aus NJR-Gründen an FE teilgenommen“; .Ein „Student im regulären Studienzyklus“; .U 'Unbekannt'?,"AETPOP, FAET12, B_Q05c",Participated in formal AET for non job-related reasons in 12 months preceding survey (see AETPOP - derived),Teilnahme am formellen AET aus nicht berufsbezogenen Gründen in den 12 Monaten vor der Umfrage (siehe AETPOP – abgeleitet)
NFE12,"Scale: binary (categorical); 0	'Did not participate in NFE'?; 1	'Participated in NFE'?; .U	'Unknown'?; .V	'Valid skip''; .D	'Don't know'?; .R	'Refused'?; .N 	'Not stated or inferred'?",Skala: binär (kategorial); 0 „Hat nicht an NFE teilgenommen“; 1 „An NFE teilgenommen“; .U 'Unbekannt'?; .V 'Gültiger Sprung'; .D „Weiß nicht“; .R „Abgelehnt“; .N „Nicht angegeben oder abgeleitet“.,B_D12h,Participated in non-formal education in 12 months preceding survey (derived),Teilnahme an nicht formaler Bildung in den 12 Monaten vor der Umfrage (abgeleitet)
NFE12JR,"Scale: binary (categorical); 0	'Did not participate in NFE for JR reasons'?; 1	'Participated in NFE for JR reasons'?; .U	'Unknown'?",Skala: binär (kategorial); 0 „Hat aus JR-Gründen nicht an NFE teilgenommen“; 1 „Aus JR-Gründen an NFE teilgenommen“; .U 'Unbekannt'?,"NFE12, B_Q14a, B_Q13, B_Q12C, B_D12H",Participated in non-formal education for job-related reasons in 12 months preceding survey (derived),Teilnahme an nicht formaler Bildung aus beruflichen Gründen in den 12 Monaten vor der Umfrage (abgeleitet)
NFE12NJR,"Scale: binary (categorical); 0	'Did not participate in NFE for NJR reasons'?; 1	'Participated in NFE for NJR reasons'?; .U	'Unknown'?",Skala: binär (kategorial); 0 „Hat aus NJR-Gründen nicht an NFE teilgenommen“; 1 „Habe aus NJR-Gründen an NFE teilgenommen“; .U 'Unbekannt'?,"NFE12, B_Q14a, B_Q13, B_Q12C, B_D12H",Participated in non-formal education for non job-related reasons in 12 months preceding survey (derived),Teilnahme an nicht formaler Bildung aus nicht berufsbezogenen Gründen in den 12 Monaten vor der Umfrage (abgeleitet)
FNFAET12,"Scale: binary (categorical); 0	'Did not participate in formal or non-formal AET'?; 1	'Participated in formal and/or non-formal AET'?; .A	'Students in regular cycle of studies'?; .U	'Unknown'?",Skala: binär (kategorial); 0 „Hat nicht am formellen oder nicht formalen AET teilgenommen“; 1 „An formeller und/oder nicht formaler AET teilgenommen“; .A „Studierende im regulären Studienzyklus“; .U 'Unbekannt'?,"NFE12, FE12, AETPOP",Participated in formal or non-formal AET in 12 months preceding survey (see AETPOP - derived),Teilnahme an formeller oder nicht formaler AET in den 12 Monaten vor der Umfrage (siehe AETPOP – abgeleitet)
FNFE12JR,"Scale: binary (categorical); 0	'Did not participate in FE or NFE for JR reasons'?; 1	'Participated in FE or NFE for JR reasons'?; .U	'Unknown'?",Skala: binär (kategorial); 0 „Hat aus JR-Gründen nicht an FE oder NFE teilgenommen“; 1 „Aus JR-Gründen an FE oder NFE teilgenommen“; .U 'Unbekannt'?,"FE12, B_Q05c, NFE12, B_Q14a, B_Q13, B_Q12C, B_D12H",Participated in formal or non-formal education for job-related reasons in 12 months preceding the survey (derived),Teilnahme an formaler oder nicht formaler Bildung aus beruflichen Gründen in den 12 Monaten vor der Befragung (abgeleitet)
FNFAET12JR,"Scale: binary (categorical); 0	'Did not participate in formal or non-formal AET for JR reasons'?; 1	'Participated in formal or non-formal AET for JR reasons'?; .A	'Student in regular cycle of studies'?; .U	'Unknown'?",Skala: binär (kategorial); 0 „Hat aus JR-Gründen nicht am formellen oder nicht formalen AET teilgenommen“; 1 „Habe aus JR-Gründen am formellen oder nicht formalen AET teilgenommen“; .Ein „Student im regulären Studienzyklus“; .U 'Unbekannt'?,"FE12, B_Q05c, NFE12, B_Q14a, B_Q13, B_Q12C, B_D12H, AETPOP",Participated in formal or non-formal AET for job-related reasons in 12 months preceding survey (see AETPOP - derived),Teilnahme an formeller oder nicht formaler AET aus berufsbezogenen Gründen in den 12 Monaten vor der Umfrage (siehe AETPOP – abgeleitet)
FNFAET12NJR,"Scale: binary (categorical); 0	'Did not participate in formal or non-formal AET for non JR reasons'?; 1	'Participated in formal or non-formal AET for non JR reasons'?; .A	'Student in regular cycle of studies'?; .U	'Unknown'?",Skala: binär (kategorial); 0 „Hat aus nicht-JR-Gründen nicht am formellen oder nicht formalen AET teilgenommen“; 1 „Habe aus Nicht-JR-Gründen am formellen oder nicht formalen AET teilgenommen“; .Ein „Student im regulären Studienzyklus“; .U 'Unbekannt'?,"FE12, B_Q05c, NFE12, B_Q14a, B_Q13, B_Q12C, B_D12H,  AETPOP",Participated in formal or non-formal AET for non job-related reasons in 12 mon. preceding survey (see AETPOP - derived),Hat innerhalb von 12 Monaten aus nicht berufsbezogenen Gründen an einem formellen oder nicht formalen AET teilgenommen. vorhergehende Erhebung (siehe AETPOP – abgeleitet)
EDWORK,"Scale: discrete (categorical); 1	'In education only'?; 2	'In education and work'?; 3	'In work only'?; 4	'Not in education or work but has participated in education or training in last 12 months'?; 5	'Not in education or work and has not participated in education or training in last 12 months (NEET)'?; .U	'Unknown'?","Skala: diskret (kategorisch); 1 „Nur im Bildungsbereich“; 2 „In Bildung und Arbeit“; 3 „Nur bei der Arbeit“; 4 „Nicht in Ausbildung oder Arbeit, hat aber in den letzten 12 Monaten an Bildung oder Ausbildung teilgenommen“; 5 „Nicht in Ausbildung oder Arbeit und hat in den letzten 12 Monaten nicht an Bildung oder Ausbildung teilgenommen (NEET)“; .U 'Unbekannt'?","C_D05, B_Q02a, FE12, NFE12",Interaction between adults' work and education status (derived),Wechselwirkung zwischen Arbeit und Bildungsstatus Erwachsener (abgeleitet)
NEET,"Scale: binary (categorical); 0	'Employed or participated in education or training in last 12 months'?; 1	'Not currently employed and did not participate in education or training in last 12 months (NEET)'?; .U	'Unknown'?",Skala: binär (kategorial); 0 „In den letzten 12 Monaten beschäftigt oder an einer Aus- oder Weiterbildung teilgenommen“; 1 „Derzeit nicht erwerbstätig und in den letzten 12 Monaten nicht an einer Aus- oder Weiterbildung teilgenommen (NEET)“; .U 'Unbekannt'?,"C_D05, FE12, NFE12",Adults not employed at time of survey and not in education or training in 12 months preceding the survey (derived),"Erwachsene, die zum Zeitpunkt der Befragung nicht erwerbstätig waren und in den 12 Monaten vor der Befragung weder eine schulische noch eine berufliche Ausbildung absolvierten (abgeleitet)"
NFEHRSNJR,"Scale: continuous; .A	'Did not participate'?; .N 	'Not stated or inferred'?",Maßstab: kontinuierlich; .A „Habe nicht teilgenommen“; .N „Nicht angegeben oder abgeleitet“.,"NFEHRS, B_Q20b, NFE12",Number of hours of participation in non-formal education for non-job-related reasons (derived),"Anzahl der Stunden, die aus nicht berufsbezogenen Gründen an nicht formaler Bildung teilgenommen haben (abgeleitet)"
NFEHRSJR,"Scale: continuous; .A	'Did not participate'?; .N 	'Not stated or inferred'?",Maßstab: kontinuierlich; .A „Habe nicht teilgenommen“; .N „Nicht angegeben oder abgeleitet“.,"NFEHRS, B_Q20b, NFE12",Number of hours of participation in non-formal education for job-related reasons (derived),"Anzahl der Stunden, die aus berufsbezogenen Gründen an nicht formaler Bildung teilgenommen haben (abgeleitet)"
NFEHRS,"Scale: continuous; .A	'Did not participate'?; .N 	'Not stated or inferred'?",Maßstab: kontinuierlich; .A „Habe nicht teilgenommen“; .N „Nicht angegeben oder abgeleitet“.,"B_Q17, B_Q18a, B_Q19a, B_Q20a, NFE12",Number of hours of participation in non-formal education (derived),Anzahl der Stunden der Teilnahme an nicht formaler Bildung (abgeleitet)
NOPAIDWORKEVER,"Scale: binary (categorical); 0	'Has had paid work'?; 1	'Has not had paid work ever'?; .U	'Unknown'?; .N 	'Not stated or inferred'?",Skala: binär (kategorial); 0 „Hat bezahlte Arbeit gehabt“; 1 „Hat noch nie bezahlte Arbeit gehabt“; .U 'Unbekannt'?; .N „Nicht angegeben oder abgeleitet“.,"C_D06, C_Q08a",Adults who never had paid work including self-employment in past (derived),"Erwachsene, die in der Vergangenheit noch nie einer bezahlten Arbeit nachgegangen sind, einschließlich einer selbständigen Tätigkeit (abgeleitet)"
PAIDWORK12,"Scale: binary (categorical); 0	'Has not had paid work during the 12 months preceding the survey'?; 1	'Has had paid work during the 12 months preceding the survey'?; .N 	'Not stated or inferred'?",Skala: binär (kategorial); 0 „Hat in den 12 Monaten vor der Erhebung keine bezahlte Arbeit gehabt“; 1 „Hat in den 12 Monaten vor der Erhebung einer bezahlten Arbeit nachgegangen“; .N „Nicht angegeben oder abgeleitet“.,"C_D06, C_Q08a, C_Q08b",Adults who have had paid work during the 12 months preceding the survey (derived),"Erwachsene, die in den 12 Monaten vor der Befragung einer bezahlten Arbeit nachgegangen sind (abgeleitet)"
PAIDWORK5,"Scale: binary (categorical); 0	'Has not had paid work in past 5 years'?; 1	'Has had paid work in past 5 years'?; .U	'Unknown'?",Skala: binär (kategorial); 0 „Hat in den letzten 5 Jahren keine bezahlte Arbeit gehabt“; 1 „Hat in den letzten 5 Jahren bezahlte Arbeit gehabt“; .U 'Unbekannt'?,"C_D06, C_Q08a, C_D08c, A_D01a3, C_Q08c2",Adults who have had paid work in last 5 years (derived),"Erwachsene, die in den letzten 5 Jahren einer bezahlten Arbeit nachgegangen sind (abgeleitet)"
ISCOSKIL4,"Scale: discrete (categorical); 1	'Skilled occupations'?; 2	'Semi-skilled white-collar occupations'?; 3	'Semi-skilled blue-collar occupations'?; 4	'Elementary occupations'?; .A	'Has not worked more than 5 years'?; .U	'Unknown'?; .N 	'Not stated or inferred'?",Skala: diskret (kategorisch); 1 „Fachberufe“; 2 „Angelernte Angestellte“; 3 „Angelernte Arbeiterberufe“; 4 „Einfache Berufe“; .A „Hat nicht länger als 5 Jahre gearbeitet“; .U 'Unbekannt'?; .N „Nicht angegeben oder abgeleitet“.,"ISCO08_C, ISCO08_L, PAIDWORK5","Occupational classification of respondent's job (4 skill based categories), last or current (derived)","Berufliche Klassifizierung des Arbeitsplatzes des Befragten (4 kompetenzbasierte Kategorien), zuletzt oder aktuell (abgeleitet)"
ISIC1L,"Scale: discrete (categorical); 'A'?	'Agriculture, forestry and fishing'?; 'B'?	'Mining and quarrying'?; 'C'?	'Manufacturing'?; 'D'?	'Electricity, gas, steam and air conditioning supply'?; 'E'?		'Water supply; sewerage, waste management and remediation activities'?; 'F'?		'Construction'?; 'G'?	'Wholesale and retail trade; repair of motor vehicles and motorcycles'?; 'H'?	'Transportation and storage'?; 'I'?		'Accommodation and food service activities'?; 'J'?		'Information and communication'?; 'K'?	'Financial and insurance activities'?; 'L'?		'Real estate activities'?; 'M'?	'Professional, scientific and technical activities'?; 'N'?	'Administrative and support service activities'?; 'O'?	'Public administration and defence; compulsory social security'?\; 'P'?		'Education'?; 'Q'?	'Human health and social work activities'?; 'R'?	'Arts, entertainment and recreation'?; 'S'?		'Other service activities'?; 'T'?		'Activities of households as employers; undifferentiated goods- and services-producing activities of households for own use'?; 'U'?	'Activities of extraterritorial organizations and bodies'?; .U		'No paid work for past 5 years'?; .V		'Valid skip''; .D		'Don't know'?; .R		'Refused'?; .N 		'Not stated or inferred'?","Skala: diskret (kategorisch); „A“ „Landwirtschaft, Forstwirtschaft und Fischerei“; „B“ „Bergbau und Steinbrüche“; „C“ „Herstellung“; „D“ „Strom-, Gas-, Dampf- und Klimaanlagenversorgung“; „E“ „Wasserversorgung; Abwasser-, Abfallmanagement- und Sanierungsaktivitäten“; „F“ „Konstruktion“; „G“ „Groß- und Einzelhandel; Reparatur von Kraftfahrzeugen und Motorrädern; „H“ „Transport und Lagerung“; „I“ „Beherbergungs- und Verpflegungstätigkeiten“; „J“ „Information und Kommunikation“; „K“ „Finanz- und Versicherungsaktivitäten“; „L“ „Immobilienaktivitäten“; „M“ „Berufliche, wissenschaftliche und technische Tätigkeiten“; „N“ „Verwaltungs- und unterstützende Dienstleistungstätigkeiten“; „O“ „Öffentliche Verwaltung und Verteidigung; obligatorische Sozialversicherung“; „P“ „Bildung“; „Q“ „Aktivitäten im Bereich der menschlichen Gesundheit und Sozialarbeit“; „R“ „Kunst, Unterhaltung und Erholung“; „S“ „Sonstige Dienstleistungstätigkeiten“; „T“ „Aktivitäten von Haushalten als Arbeitgeber; undifferenzierte Güter- und Dienstleistungsproduktionsaktivitäten der Haushalte für den Eigenbedarf“; „U“ „Aktivitäten extraterritorialer Organisationen und Körperschaften“; .U „Keine bezahlte Arbeit in den letzten 5 Jahren“; .V 'Gültiger Sprung'; .D „Weiß nicht“; .R „Abgelehnt“; .N „Nicht angegeben oder abgeleitet“.","ISIC4_L,  PAIDWORK5","Industry classification of respondent's job at 1-digit level(ISIC rev 4), last job (derived)","Branchenklassifizierung der Tätigkeit des Befragten auf einstelliger Ebene (ISIC rev 4), letzte Tätigkeit (abgeleitet)"
ISIC2L,,#VALUE!,"ISIC4_L, PAIDWORK5","Industry classification of respondent's job at 2-digit level (ISIC rev 4), last job (derived)","Branchenklassifizierung der Tätigkeit des Befragten auf 2-stelliger Ebene (ISIC rev 4), letzte Tätigkeit (abgeleitet)"
ISIC1C,"Scale: discrete (categorical); 'A'?	'Agriculture, forestry and fishing'?; 'B'?	'Mining and quarrying'?; 'C'?	'Manufacturing'?; 'D'?	'Electricity, gas, steam and air conditioning supply'?; 'E'?		'Water supply; sewerage, waste management and remediation activities'?; 'F'?		'Construction'?; 'G'?	'Wholesale and retail trade; repair of motor vehicles and motorcycles'?; 'H'?	'Transportation and storage'?; 'I'?		'Accommodation and food service activities'?; 'J'?		'Information and communication'?; 'K'?	'Financial and insurance activities'?; 'L'?		'Real estate activities'?; 'M'?	'Professional, scientific and technical activities'?; 'N'?	'Administrative and support service activities'?; 'O'?	'Public administration and defence; compulsory social security'?\; 'P'?		'Education'?; 'Q'?	'Human health and social work activities'?; 'R'?	'Arts, entertainment and recreation'?; 'S'?		'Other service activities'?; 'T'?		'Activities of households as employers; undifferentiated goods- and services-producing activities of households for own use'?; 'U'?	'Activities of extraterritorial organizations and bodies'?; .U		'No paid work for past 5 years'?; .V		'Valid skip''; .D		'Don't know'?; .R		'Refused'?; .N 		'Not stated or inferred'?","Skala: diskret (kategorisch); „A“ „Landwirtschaft, Forstwirtschaft und Fischerei“; „B“ „Bergbau und Steinbrüche“; „C“ „Herstellung“; „D“ „Strom-, Gas-, Dampf- und Klimaanlagenversorgung“; „E“ „Wasserversorgung; Abwasser-, Abfallmanagement- und Sanierungsaktivitäten“; „F“ „Konstruktion“; „G“ „Groß- und Einzelhandel; Reparatur von Kraftfahrzeugen und Motorrädern; „H“ „Transport und Lagerung“; „I“ „Beherbergungs- und Verpflegungstätigkeiten“; „J“ „Information und Kommunikation“; „K“ „Finanz- und Versicherungsaktivitäten“; „L“ „Immobilienaktivitäten“; „M“ „Berufliche, wissenschaftliche und technische Tätigkeiten“; „N“ „Verwaltungs- und unterstützende Dienstleistungstätigkeiten“; „O“ „Öffentliche Verwaltung und Verteidigung; obligatorische Sozialversicherung“; „P“ „Bildung“; „Q“ „Aktivitäten im Bereich der menschlichen Gesundheit und Sozialarbeit“; „R“ „Kunst, Unterhaltung und Erholung“; „S“ „Sonstige Dienstleistungstätigkeiten“; „T“ „Aktivitäten von Haushalten als Arbeitgeber; undifferenzierte Güter- und Dienstleistungsproduktionsaktivitäten der Haushalte für den Eigenbedarf“; „U“ „Aktivitäten extraterritorialer Organisationen und Körperschaften“; .U „Keine bezahlte Arbeit in den letzten 5 Jahren“; .V 'Gültiger Sprung'; .D „Weiß nicht“; .R „Abgelehnt“; .N „Nicht angegeben oder abgeleitet“.","ISIC4_C, PAIDWORK5","Industry classification of respondent's job at 1-digit level (ISIC rev 4), current job (derived)","Branchenklassifizierung der Tätigkeit des Befragten auf einstelliger Ebene (ISIC rev 4), aktuelle Tätigkeit (abgeleitet)"
ISIC2C,,#VALUE!,"ISIC4_C, PAIDWORK5","Industry classification of respondent's job at 2-digit level (ISIC rev 4), current job (derived)","Branchenklassifizierung der Tätigkeit des Befragten auf 2-stelliger Ebene (ISIC rev 4), aktuelle Tätigkeit (abgeleitet)"
ISCO1C,"Scale: discrete (categorical); '0'?   	'Armed forces'?; '1'?     	'Legislators, senior officials and managers'?; '2'?     	'Professionals'?; '3'?     	'Technicians and associate professionals'?; '4'?     	'Clerks'?; '5'?     	'Service workers and shop and market sales workers'?; '6'?     	'Skilled agricultural and fishery workers'?; '7'?     	'Craft and related trades workers'?; '8'?     	'Plant and machine operators and assemblers'?; '9'?     	'Elementary occupations'?; .U      	'No paid work for past 5 years'?; .V      	'Valid skip'?; .D      	'Don't know'?; .R      	'Refused'?; .N      	'Not stated or inferred'?","Skala: diskret (kategorisch); „0“ „Streitkräfte“; „1“ „Gesetzgeber, hohe Beamte und Manager“; „2“ „Profis“; „3“ „Techniker und Fachkräfte“; „4“ „Angestellte“; „5“ „Dienstleistungspersonal und Verkaufspersonal in Geschäften und Märkten“; „6“ „Fachkräfte in der Landwirtschaft und Fischerei“; „7“ „Arbeiter im Handwerk und verwandten Berufen“; „8“ „Anlagen- und Maschinenbediener und Monteure“; „9“ „Einfache Berufe“; .U „Keine bezahlte Arbeit in den letzten 5 Jahren“; .V 'Gültiger Sprung'?; .D „Weiß nicht“; .R „Abgelehnt“; .N „Nicht angegeben oder abgeleitet“.","ISCO08_C, PAIDWORK5","Occupational classification of respondent's job at 1-digit level (ISCO 2008), current job (derived)","Berufliche Einstufung der Tätigkeit des Befragten auf 1-stelliger Ebene (ISCO 2008), aktuelle Tätigkeit (abgeleitet)"
ISCO2C,"Scale: discrete (categorical); '0'?     	'Armed forces occupations'?; '01'?     'Commissioned armed forces officers'?; '02'?    	'Non-commissioned armed forces officers'?; '03""    	'Armed forces occupations, other ranks'?; '1'?     	'Managers'?; '11'?    	'Chief executives, senior officials and legislators'?; '12'?    	'Administrative and commercial managers'?; '13'?    	'Production and specialised services managers'?; '14'?    	'Hospitality, retail and other services managers'?; '2'?     	'Professionals'?; '21'?    	'Science and engineering professionals'?; '22'?    	'Health professionals'?; '23'?    	'Teaching professionals'?; '24'?    	'Business and administration professionals'?; '25'?    	'Information and communications technology professionals'?; '26'?    	'Legal, social and cultural professionals'?; '3'?     	'Technicians and associate professionals'?; '31'?    	'Science and engineering associate professionals'?; '32'?    	'Health associate professionals'?; '33'?    	'Business and administration associate professionals'?; '34'?    	'Legal, social, cultural and related associate professionals'?; '35'?   	'Information and communications technicians'?; '4'?     	'Clerical support workers'?; '41'?    	'General and keyboard clerks'?; '42'?    	'Customer services clerks'?; '43'?    	'Numerical and material recording clerks'?; '44'?    	'Other clerical support workers'?; '5'?     	'Service and sales workers'?; '51'?    	'Personal service workers'?; '52'?    	'Sales workers'?; '53'?    	'Personal care workers'?; '54'?     'Protective services workers'?; '6'?     	'Skilled agricultural, forestry and fishery workers'?; '61'?    	'Market-oriented skilled agricultural workers'?; '62'?    	'Market-oriented skilled forestry, fishery and hunting workers'?; '63'?    	'Subsistence farmers, fishers, hunters and gatherers'?; '7'?     	'Craft and related trades workers'?; '71'?    	'Building and related trades workers, excluding electricians'?; '72'?    	'Metal, machinery and related trades workers'?; '73'?    	'Handicraft and printing workers'?; '74'?    	'Electrical and electronic trades workers'?; '75'?    	'Food processing, wood working, garment and other craft and related trades workers; '8'?     	'Plant and machine operators, and assemblers'?; '81'?    	'Stationary plant and machine operators'?; '82'?     'Assemblers'?; '83'?    	'Drivers and mobile plant operators'?; '9'?     	'Elementary occupations'?; '91'?    	'Cleaners and helpers'?; '92'?    	'Agricultural, forestry and fishery labourers'?; '93'?    	'Labourers in mining, construction, manufacturing and transport'?; '94'?    	'Food preparation assistants'?; '95'?    	'Street and related sales and service workers'?; '96'?    	'Refuse workers and other elementary workers'?; .U      	'No paid work for past 5 years'?; .V      	'Valid skip'?; .D      	'Don't know'?; .R      	'Refused'?; .N      	'Not stated or inferred'?","Skala: diskret (kategorisch); „0“ „Berufe der Streitkräfte“; „01“ „Offiziere der Wehrmacht“; „02“ „Unteroffiziere der Streitkräfte“; „03“ „Berufe der Streitkräfte, andere Dienstgrade“; „1“ „Manager“; „11“ „Hauptgeschäftsführer, leitende Beamte und Gesetzgeber“; „12“ „Verwaltungs- und kaufmännische Manager“; „13“ „Produktions- und spezialisierte Dienstleistungsmanager“; „14“ „Gastgewerbe-, Einzelhandels- und andere Dienstleistungsmanager“; „2“ „Fachkräfte“; „21“ „Fachkräfte aus den Bereichen Wissenschaft und Technik“; „23“ „Fachkräfte aus dem Bereich der Informations- und Kommunikationstechnik“; „31“ „Fachkräfte aus dem Bereich der Informations- und Kommunikationstechnik“; „32“ '? „Assoziative Fachkräfte im Gesundheitswesen“; „34“ „Assoziative Fachkräfte in den Bereichen Recht, Soziales und Kultur“; „41“ „Allgemeine Sachbearbeiter“; „42“ „Kundendienstmitarbeiter“; „43“ „Sachbearbeiter für Numerik und Materialerfassung“; „44“ „Andere Hilfskräfte“; „5“ „Service- und Vertriebsmitarbeiter“; „51“ „Personaldienstleistende“; „52“ „Verkäufer“; „53“ „Personalpflegekräfte“; „54“ „Beschäftigte im Schutzdienst“; „6“ „Fachkräfte in der Land-, Forst- und Fischereiwirtschaft“; „61“ „Marktorientierte landwirtschaftliche Fachkräfte“; „62“ „Marktorientierte Fachkräfte in Forstwirtschaft, Fischerei und Jagd“; „63“ „Subsistenzbauern, Fischer, Jäger und Sammler“; „7“ „Arbeiter im Handwerk und verwandten Berufen“; „71“ „Arbeiter im Baugewerbe und verwandten Berufen, ausgenommen Elektriker“; „72“ „Arbeiter in der Metall-, Maschinen- und verwandten Berufe“; „73“ „Handwerker und Druckereiarbeiter“; „74“ „Arbeiter im Elektro- und Elektronikgewerbe“; „75“ „Arbeiter in der Lebensmittelverarbeitung, Holzverarbeitung, Bekleidung und anderen Handwerksberufen und verwandten Berufen; „8“ „Anlagen- und Maschinenbediener sowie Monteure“; „81“ „Stationärer Anlagen- und Maschinenführer“; „82“ „Assembler“; „83“ „Fahrer und mobile Anlagenbetreiber“; „9“ „Einfache Berufe“; „91“ „Reinigungs- und Helfer“; „92“ „Arbeiter in der Land-, Forst- und Fischereiwirtschaft“; „93“ „Arbeiter im Bergbau, im Baugewerbe, in der Fertigung und im Transportwesen“; „94“ „Assistenten für die Essenszubereitung“; „95“ „Straßen- und verwandte Vertriebs- und Servicekräfte“; „96“ „Müllarbeiter und andere Hilfskräfte“; .U „Keine bezahlte Arbeit in den letzten 5 Jahren“; .V 'Gültiger Sprung'?; .D „Weiß nicht“; .R „Abgelehnt“; .N „Nicht angegeben oder abgeleitet“.","ISCO08_C, PAIDWORK5","Occupational classification of respondent's job at 2-digit level (ISCO 2008), current job (derived)","Berufliche Einstufung der Tätigkeit des Befragten auf 2-stelliger Ebene (ISCO 2008), aktuelle Tätigkeit (abgeleitet)"
ISCO1L,"Scale: discrete (categorical); '0'?   	'Armed forces'?; '1'?     	'Legislators, senior officials and managers'?; '2'?     	'Professionals'?; '3'?     	'Technicians and associate professionals'?; '4'?     	'Clerks'?; '5'?     	'Service workers and shop and market sales workers'?; '6'?     	'Skilled agricultural and fishery workers'?; '7'?     	'Craft and related trades workers'?; '8'?     	'Plant and machine operators and assemblers'?; '9'?     	'Elementary occupations'?; .U      	'No paid work for past 5 years'?; .V      	'Valid skip'?; .D      	'Don't know'?; .R      	'Refused'?; .N      	'Not stated or inferred'?","Skala: diskret (kategorisch); „0“ „Streitkräfte“; „1“ „Gesetzgeber, hohe Beamte und Manager“; „2“ „Profis“; „3“ „Techniker und Fachkräfte“; „4“ „Angestellte“; „5“ „Dienstleistungspersonal und Verkaufspersonal in Geschäften und Märkten“; „6“ „Fachkräfte in der Landwirtschaft und Fischerei“; „7“ „Arbeiter im Handwerk und verwandten Berufen“; „8“ „Anlagen- und Maschinenbediener und Monteure“; „9“ „Einfache Berufe“; .U „Keine bezahlte Arbeit in den letzten 5 Jahren“; .V 'Gültiger Sprung'?; .D „Weiß nicht“; .R „Abgelehnt“; .N „Nicht angegeben oder abgeleitet“.","ISCO08_L, PAIDWORK5","Occupational classification of respondent's job at 1-digit level (ISCO 2008), last job (derived)","Berufliche Einstufung der Tätigkeit des Befragten auf 1-Steller-Ebene (ISCO 2008), letzte Tätigkeit (abgeleitet)"
ISCO2L,"Scale: discrete (categorical); '0'?     	'Armed forces occupations'?; '01'?     'Commissioned armed forces officers'?; '02'?    	'Non-commissioned armed forces officers'?; '03""    	'Armed forces occupations, other ranks'?; '1'?     	'Managers'?; '11'?    	'Chief executives, senior officials and legislators'?; '12'?    	'Administrative and commercial managers'?; '13'?    	'Production and specialised services managers'?; '14'?    	'Hospitality, retail and other services managers'?; '2'?     	'Professionals'?; '21'?    	'Science and engineering professionals'?; '22'?    	'Health professionals'?; '23'?    	'Teaching professionals'?; '24'?    	'Business and administration professionals'?; '25'?    	'Information and communications technology professionals'?; '26'?    	'Legal, social and cultural professionals'?; '3'?     	'Technicians and associate professionals'?; '31'?    	'Science and engineering associate professionals'?; '32'?    	'Health associate professionals'?; '33'?    	'Business and administration associate professionals'?; '34'?    	'Legal, social, cultural and related associate professionals'?; '35'?   	'Information and communications technicians'?; '4'?     	'Clerical support workers'?; '41'?    	'General and keyboard clerks'?; '42'?    	'Customer services clerks'?; '43'?    	'Numerical and material recording clerks'?; '44'?    	'Other clerical support workers'?; '5'?     	'Service and sales workers'?; '51'?    	'Personal service workers'?; '52'?    	'Sales workers'?; '53'?    	'Personal care workers'?; '54'?     'Protective services workers'?; '6'?     	'Skilled agricultural, forestry and fishery workers'?; '61'?    	'Market-oriented skilled agricultural workers'?; '62'?    	'Market-oriented skilled forestry, fishery and hunting workers'?; '63'?    	'Subsistence farmers, fishers, hunters and gatherers'?; '7'?     	'Craft and related trades workers'?; '71'?    	'Building and related trades workers, excluding electricians'?; '72'?    	'Metal, machinery and related trades workers'?; '73'?    	'Handicraft and printing workers'?; '74'?    	'Electrical and electronic trades workers'?; '75'?    	'Food processing, wood working, garment and other craft and related trades workers; '8'?     	'Plant and machine operators, and assemblers'?; '81'?    	'Stationary plant and machine operators'?; '82'?     'Assemblers'?; '83'?    	'Drivers and mobile plant operators'?; '9'?     	'Elementary occupations'?; '91'?    	'Cleaners and helpers'?; '92'?    	'Agricultural, forestry and fishery labourers'?; '93'?    	'Labourers in mining, construction, manufacturing and transport'?; '94'?    	'Food preparation assistants'?; '95'?    	'Street and related sales and service workers'?; '96'?    	'Refuse workers and other elementary workers'?; .U      	'No paid work for past 5 years'?; .V      	'Valid skip'?; .D      	'Don't know'?; .R      	'Refused'?; .N      	'Not stated or inferred'?","Skala: diskret (kategorisch); „0“ „Berufe der Streitkräfte“; „01“ „Offiziere der Wehrmacht“; „02“ „Unteroffiziere der Streitkräfte“; „03“ „Berufe der Streitkräfte, andere Dienstgrade“; „1“ „Manager“; „11“ „Hauptgeschäftsführer, leitende Beamte und Gesetzgeber“; „12“ „Verwaltungs- und kaufmännische Manager“; „13“ „Produktions- und spezialisierte Dienstleistungsmanager“; „14“ „Gastgewerbe-, Einzelhandels- und andere Dienstleistungsmanager“; „2“ „Fachkräfte“; „21“ „Fachkräfte aus den Bereichen Wissenschaft und Technik“; „23“ „Fachkräfte aus dem Bereich der Informations- und Kommunikationstechnik“; „31“ „Fachkräfte aus dem Bereich der Informations- und Kommunikationstechnik“; „32“ '? „Assoziative Fachkräfte im Gesundheitswesen“; „34“ „Assoziative Fachkräfte in den Bereichen Recht, Soziales und Kultur“; „41“ „Allgemeine Sachbearbeiter“; „42“ „Kundendienstmitarbeiter“; „43“ „Sachbearbeiter für Numerik und Materialerfassung“; „44“ „Andere Hilfskräfte“; „5“ „Service- und Vertriebsmitarbeiter“; „51“ „Personaldienstleistende“; „52“ „Verkäufer“; „53“ „Personalpflegekräfte“; „54“ „Beschäftigte im Schutzdienst“; „6“ „Fachkräfte in der Land-, Forst- und Fischereiwirtschaft“; „61“ „Marktorientierte landwirtschaftliche Fachkräfte“; „62“ „Marktorientierte Fachkräfte in Forstwirtschaft, Fischerei und Jagd“; „63“ „Subsistenzbauern, Fischer, Jäger und Sammler“; „7“ „Arbeiter im Handwerk und verwandten Berufen“; „71“ „Arbeiter im Baugewerbe und verwandten Berufen, ausgenommen Elektriker“; „72“ „Arbeiter in der Metall-, Maschinen- und verwandten Berufe“; „73“ „Handwerker und Druckereiarbeiter“; „74“ „Arbeiter im Elektro- und Elektronikgewerbe“; „75“ „Arbeiter in der Lebensmittelverarbeitung, Holzverarbeitung, Bekleidung und anderen Handwerksberufen und verwandten Berufen; „8“ „Anlagen- und Maschinenbediener sowie Monteure“; „81“ „Stationärer Anlagen- und Maschinenführer“; „82“ „Assembler“; „83“ „Fahrer und mobile Anlagenbetreiber“; „9“ „Einfache Berufe“; „91“ „Reinigungs- und Helfer“; „92“ „Arbeiter in der Land-, Forst- und Fischereiwirtschaft“; „93“ „Arbeiter im Bergbau, im Baugewerbe, in der Fertigung und im Transportwesen“; „94“ „Assistenten für die Essenszubereitung“; „95“ „Straßen- und verwandte Vertriebs- und Servicekräfte“; „96“ „Müllarbeiter und andere Hilfskräfte“; .U „Keine bezahlte Arbeit in den letzten 5 Jahren“; .V 'Gültiger Sprung'?; .D „Weiß nicht“; .R „Abgelehnt“; .N „Nicht angegeben oder abgeleitet“.","ISCO08_L, PAIDWORK5","Occupational classification of respondent's job at 2-digit level (ISCO 2008), last job (derived)","Berufliche Einstufung der Tätigkeit des Befragten auf 2-stelliger Ebene (ISCO 2008), letzte Tätigkeit (abgeleitet)"
LEARNATWORK,"Scale:; .N 	'All zero response'?",Skala:; .N „Alles Null-Antwort“.,"D_Q13a, D_Q13b, D_Q13c",Index of learning at work (derived),Index des Lernens am Arbeitsplatz (abgeleitet)
LEARNATWORK_SE,"Scale:; .N 	'All zero response'?",Skala:; .N „Alles Null-Antwort“.,"D_Q13a, D_Q13b, D_Q13c",NA,NA
LEARNATWORK_WLE_CA,"Scale:; 1    'Lowest to 20%'?; 2    'More than 20% to 40%'?; 3    'More than 40% to 60%'?; 4    'More than 60% to 80%'?; 5    'More than 80%'?; .N 	'All zero response'?",Skala:; 1 „Niedrigster Wert bis 20 %“; 2 „Mehr als 20 % bis 40 %“; 3 „Mehr als 40 % bis 60 %“; 4 „Mehr als 60 % bis 80 %“; 5 „Mehr als 80 %“; .N „Alles Null-Antwort“.,"D_Q13a, D_Q13b, D_Q13c","Index of learning at work, categorised WLE (derived)","Index des Lernens am Arbeitsplatz, kategorisiert nach WLE (abgeleitet)"
READYTOLEARN,"Scale:; .N 	'All zero response'?",Skala:; .N „Alles Null-Antwort“.,,Index of readiness to learn (derived),Index der Lernbereitschaft (abgeleitet)
READYTOLEARN_SE,"Scale:; .N 	'All zero response'?",Skala:; .N „Alles Null-Antwort“.,,NA,NA
READYTOLEARN_WLE_CA,"Scale:; 1    'Lowest to 20%'?; 2    'More than 20% to 40%'?; 3    'More than 40% to 60%'?; 4    'More than 60% to 80%'?; 5    'More than 80%'?; .N 	'All zero response'?",Skala:; 1 „Niedrigster Wert bis 20 %“; 2 „Mehr als 20 % bis 40 %“; 3 „Mehr als 40 % bis 60 %“; 4 „Mehr als 60 % bis 80 %“; 5 „Mehr als 80 %“; .N „Alles Null-Antwort“.,,"Index of readiness to learn, categorised WLE (derived)","Index der Lernbereitschaft, kategorisiert WLE (abgeleitet)"
ICTHOME,"Scale:; .N 	'All zero response'?",Skala:; .N „Alles Null-Antwort“.,"H_Q05a, H_Q05c, H_Q05d, H_Q05e, H_Q05f, H_Q05h",Index of use of ICT skills at home (derived),Index der Nutzung von IKT-Kenntnissen zu Hause (abgeleitet)
ICTHOME_SE,"Scale:; .N 	'All zero response'?",Skala:; .N „Alles Null-Antwort“.,"H_Q05a, H_Q05c, H_Q05d, H_Q05e, H_Q05f, H_Q05h",NA,NA
ICTHOME_WLE_CA,"Scale:; 1    'Lowest to 20%'?; 2    'More than 20% to 40%'?; 3    'More than 40% to 60%'?; 4    'More than 60% to 80%'?; 5    'More than 80%'?; .N 	'All zero response'?",Skala:; 1 „Niedrigster Wert bis 20 %“; 2 „Mehr als 20 % bis 40 %“; 3 „Mehr als 40 % bis 60 %“; 4 „Mehr als 60 % bis 80 %“; 5 „Mehr als 80 %“; .N „Alles Null-Antwort“.,"H_Q05a, H_Q05c, H_Q05d, H_Q05e, H_Q05f, H_Q05h","Index of use of ICT skills at home, categorised WLE (derived)","Index der Nutzung von IKT-Kenntnissen zu Hause, kategorisiert nach WLE (abgeleitet)"
ICTWORK,"Scale:; .N 	'All zero response'?",Skala:; .N „Alles Null-Antwort“.,"G_Q05a, G_Q05c, G_Q05d, G_Q05e, G_Q05f, G_Q05h",Index of use of ICT skills at work (derived),Index der Nutzung von IKT-Kenntnissen am Arbeitsplatz (abgeleitet)
ICTWORK_SE,"Scale:; .N 	'All zero response'?",Skala:; .N „Alles Null-Antwort“.,"G_Q05a, G_Q05c, G_Q05d, G_Q05e, G_Q05f, G_Q05h",NA,NA
ICTWORK_WLE_CA,"Scale:; 1    'Lowest to 20%'?; 2    'More than 20% to 40%'?; 3    'More than 40% to 60%'?; 4    'More than 60% to 80%'?; 5    'More than 80%'?; .N 	'All zero response'?",Skala:; 1 „Niedrigster Wert bis 20 %“; 2 „Mehr als 20 % bis 40 %“; 3 „Mehr als 40 % bis 60 %“; 4 „Mehr als 60 % bis 80 %“; 5 „Mehr als 80 %“; .N „Alles Null-Antwort“.,"G_Q05a, G_Q05c, G_Q05d, G_Q05e, G_Q05f, G_Q05h","Index of use of ICT skills at work, categorised WLE (derived)","Index der Nutzung von IKT-Kenntnissen am Arbeitsplatz, kategorisiert nach WLE (abgeleitet)"
INFLUENCE,"Scale:; .N 	'All zero response'?",Skala:; .N „Alles Null-Antwort“.,"F_Q02b, F_Q02c, F_Q02e,  F_Q03b, F_Q04a, F_Q04b",Index of use of influencing skills at work (derived),Index der Nutzung von Beeinflussungskompetenzen am Arbeitsplatz (abgeleitet)
INFLUENCE_SE,"Scale:; .N 	'All zero response'?",Skala:; .N „Alles Null-Antwort“.,"F_Q02b, F_Q02c, F_Q02e,  F_Q03b, F_Q04a, F_Q04b",NA,NA
INFLUENCE_WLE_CA,"Scale:; 1    'Lowest to 20%'?; 2    'More than 20% to 40%'?; 3    'More than 40% to 60%'?; 4    'More than 60% to 80%'?; 5    'More than 80%'?; .N 	'All zero response'?",Skala:; 1 „Niedrigster Wert bis 20 %“; 2 „Mehr als 20 % bis 40 %“; 3 „Mehr als 40 % bis 60 %“; 4 „Mehr als 60 % bis 80 %“; 5 „Mehr als 80 %“; .N „Alles Null-Antwort“.,"F_Q02b, F_Q02c, F_Q02e,  F_Q03b, F_Q04a, F_Q04b","Index of use of influencing skills at work, categorised WLE (derived)","Index der Nutzung von Einflussfähigkeiten am Arbeitsplatz, kategorisiert nach WLE (abgeleitet)"
NUMHOME,"Scale:; .N 	'All zero response'?",Skala:; .N „Alles Null-Antwort“.,"H_Q03b, H_Q03c, H_Q03d, H_Q03f, H_Q03g, H_Q03h",Index of use of numeracy skills at home (basic and advanced - derived),Index der Nutzung von Rechenkompetenzen zu Hause (Grundkenntnisse und Fortgeschrittene – abgeleitet)
NUMHOME_SE,"Scale:; .N 	'All zero response'?",Skala:; .N „Alles Null-Antwort“.,"H_Q03b, H_Q03c, H_Q03d, H_Q03f, H_Q03g, H_Q03h",NA,NA
NUMHOME_WLE_CA,"Scale:; 1    'Lowest to 20%'?; 2    'More than 20% to 40%'?; 3    'More than 40% to 60%'?; 4    'More than 60% to 80%'?; 5    'More than 80%'?; .N 	'All zero response'?",Skala:; 1 „Niedrigster Wert bis 20 %“; 2 „Mehr als 20 % bis 40 %“; 3 „Mehr als 40 % bis 60 %“; 4 „Mehr als 60 % bis 80 %“; 5 „Mehr als 80 %“; .N „Alles Null-Antwort“.,"H_Q03b, H_Q03c, H_Q03d, H_Q03f, H_Q03g, H_Q03h","Index of use of numeracy skills at home (basic and advanced), categorised WLE (derived)","Index der Nutzung von Rechenkompetenzen zu Hause (Grundkenntnisse und Fortgeschrittene), kategorisiert nach WLE (abgeleitet)"
NUMWORK,"Scale:; .N 	'All zero response'?",Skala:; .N „Alles Null-Antwort“.,"G_Q03b, G_Q03c, G_Q03d, G_Q03f, G_Q03g, G_Q03h",Index of use of numeracy skills at work (basic and advanced - derived),Index der Nutzung von Rechenkompetenzen am Arbeitsplatz (Grundkenntnisse und Fortgeschrittene – abgeleitet)
NUMWORK_SE,"Scale:; .N 	'All zero response'?",Skala:; .N „Alles Null-Antwort“.,"G_Q03b, G_Q03c, G_Q03d, G_Q03f, G_Q03g, G_Q03h",NA,NA
NUMHOME_WLE_CA,"Scale:; 1    'Lowest to 20%'?; 2    'More than 20% to 40%'?; 3    'More than 40% to 60%'?; 4    'More than 60% to 80%'?; 5    'More than 80%'?; .N 	'All zero response'?",Skala:; 1 „Niedrigster Wert bis 20 %“; 2 „Mehr als 20 % bis 40 %“; 3 „Mehr als 40 % bis 60 %“; 4 „Mehr als 60 % bis 80 %“; 5 „Mehr als 80 %“; .N „Alles Null-Antwort“.,"G_Q03b, G_Q03c, G_Q03d, G_Q03f, G_Q03g, G_Q03h","Index of use of numeracy skills at home (basic and advanced), categorised WLE (derived)","Index der Nutzung von Rechenkompetenzen zu Hause (Grundkenntnisse und Fortgeschrittene), kategorisiert nach WLE (abgeleitet)"
PLANNING,"Scale:; .N 	'All zero response'?",Skala:; .N „Alles Null-Antwort“.,"F_Q03a, F_Q03b, F_Q03c",Index of use of planning skills at work (derived),Index der Nutzung von Planungsfähigkeiten am Arbeitsplatz (abgeleitet)
PLANNING_SE,"Scale:; .N 	'All zero response'?",Skala:; .N „Alles Null-Antwort“.,"F_Q03a, F_Q03b, F_Q03c",NA,NA
PLANNING_WLE_CA,"Scale:; 1    'Lowest to 20%'?; 2    'More than 20% to 40%'?; 3    'More than 40% to 60%'?; 4    'More than 60% to 80%'?; 5    'More than 80%'?; .N 	'All zero response'?",Skala:; 1 „Niedrigster Wert bis 20 %“; 2 „Mehr als 20 % bis 40 %“; 3 „Mehr als 40 % bis 60 %“; 4 „Mehr als 60 % bis 80 %“; 5 „Mehr als 80 %“; .N „Alles Null-Antwort“.,"F_Q03a, F_Q03b, F_Q03c","Index of use of planning skills at work, categorised WLE (derived)","Index der Nutzung von Planungsfähigkeiten am Arbeitsplatz, kategorisiert nach WLE (abgeleitet)"
READHOME,"Scale:; .N 	'All zero response'?",Skala:; .N „Alles Null-Antwort“.,"H_Q01a, H_Q01b, H_Q01c, H_Q01d, H_Q01e, H_Q01f, H_Q01g, H_Q01h",Index of use of reading skills at home (prose and document texts - derived),Index der Verwendung von Lesekompetenzen zu Hause (Prosa- und Dokumententexte – abgeleitet)
READHOME_SE,"Scale:; .N 	'All zero response'?",Skala:; .N „Alles Null-Antwort“.,"H_Q01a, H_Q01b, H_Q01c, H_Q01d, H_Q01e, H_Q01f, H_Q01g, H_Q01h",NA,NA
READHOME_WLE_CA,"Scale:; 1    'Lowest to 20%'?; 2    'More than 20% to 40%'?; 3    'More than 40% to 60%'?; 4    'More than 60% to 80%'?; 5    'More than 80%'?; .N 	'All zero response'?",Skala:; 1 „Niedrigster Wert bis 20 %“; 2 „Mehr als 20 % bis 40 %“; 3 „Mehr als 40 % bis 60 %“; 4 „Mehr als 60 % bis 80 %“; 5 „Mehr als 80 %“; .N „Alles Null-Antwort“.,"H_Q01a, H_Q01b, H_Q01c, H_Q01d, H_Q01e, H_Q01f, H_Q01g, H_Q01h","Index of use of reading skills at home (prose and document texts), categorised WLE (derived)","Index der Verwendung von Lesekompetenzen zu Hause (Prosa- und Dokumenttexte), kategorisiert WLE (abgeleitet)"
READWORK,"Scale:; .N 	'All zero response'?",Skala:; .N „Alles Null-Antwort“.,"G_Q01a, G_Q01b, G_Q01c, G_Q01d, G_Q01e, G_Q01f, G_Q01g, G_Q01h",Index of use of reading skills at work (prose and document texts - derived),Index der Nutzung von Lesekompetenzen am Arbeitsplatz (Prosa- und Dokumenttexte – abgeleitet)
READWORK_SE,"Scale:; .N 	'All zero response'?",Skala:; .N „Alles Null-Antwort“.,"G_Q01a, G_Q01b, G_Q01c, G_Q01d, G_Q01e, G_Q01f, G_Q01g, G_Q01h",NA,NA
READWORK_WLE_CA,"Scale:; 1    'Lowest to 20%'?; 2    'More than 20% to 40%'?; 3    'More than 40% to 60%'?; 4    'More than 60% to 80%'?; 5    'More than 80%'?; .N 	'All zero response'?",Skala:; 1 „Niedrigster Wert bis 20 %“; 2 „Mehr als 20 % bis 40 %“; 3 „Mehr als 40 % bis 60 %“; 4 „Mehr als 60 % bis 80 %“; 5 „Mehr als 80 %“; .N „Alles Null-Antwort“.,"G_Q01a, G_Q01b, G_Q01c, G_Q01d, G_Q01e, G_Q01f, G_Q01g, G_Q01h","Index of use of reading skills at work (prose and document texts), categorised WLE (derived)","Index der Nutzung von Lesekompetenzen am Arbeitsplatz (Prosa- und Dokumenttexte), kategorisiert nach WLE (abgeleitet)"
TASKDISC,"Scale:; .N 	'All zero response'?",Skala:; .N „Alles Null-Antwort“.,"D_Q11a, D_Q11b, D_Q11c, D_Q11d",Index of use of task discretion at work (derived),Index der Nutzung von Aufgabenermessen am Arbeitsplatz (abgeleitet)
TASKDISC_SE,"Scale:; .N 	'All zero response'?",Skala:; .N „Alles Null-Antwort“.,"D_Q11a, D_Q11b, D_Q11c, D_Q11d",NA,NA
TASKDISC_WLE_CA,"Scale:; 1    'Lowest to 20%'?; 2    'More than 20% to 40%'?; 3    'More than 40% to 60%'?; 4    'More than 60% to 80%'?; 5    'More than 80%'?; .N 	'All zero response'?",Skala:; 1 „Niedrigster Wert bis 20 %“; 2 „Mehr als 20 % bis 40 %“; 3 „Mehr als 40 % bis 60 %“; 4 „Mehr als 60 % bis 80 %“; 5 „Mehr als 80 %“; .N „Alles Null-Antwort“.,"D_Q11a, D_Q11b, D_Q11c, D_Q11d","Index of use of task discretion at work, categorised WLE (derived)","Index der Nutzung von Aufgabendiskretion am Arbeitsplatz, kategorisierter WLE (abgeleitet)"
WRITHOME,"Scale:; .N 	'All zero response'?",Skala:; .N „Alles Null-Antwort“.,"H_Q02a, H_Q02b, H_Q02c, H_Q02d",Index of use of writing skills at home (derived),Index der Verwendung von Schreibfähigkeiten zu Hause (abgeleitet)
WRITHOME_SE,"Scale:; .N 	'All zero response'?",Skala:; .N „Alles Null-Antwort“.,"H_Q02a, H_Q02b, H_Q02c, H_Q02d",NA,NA
WRITHOME_WLE_CA,"Scale:; 1    'Lowest to 20%'?; 2    'More than 20% to 40%'?; 3    'More than 40% to 60%'?; 4    'More than 60% to 80%'?; 5    'More than 80%'?; .N 	'All zero response'?",Skala:; 1 „Niedrigster Wert bis 20 %“; 2 „Mehr als 20 % bis 40 %“; 3 „Mehr als 40 % bis 60 %“; 4 „Mehr als 60 % bis 80 %“; 5 „Mehr als 80 %“; .N „Alles Null-Antwort“.,"H_Q02a, H_Q02b, H_Q02c, H_Q02d","Index of use of writing skills at home, categorised WLE (derived)","Index der Verwendung von Schreibfähigkeiten zu Hause, kategorisiert nach WLE (abgeleitet)"
WRITWORK,"Scale:; .N 	'All zero response'?",Skala:; .N „Alles Null-Antwort“.,"G_Q02a, G_Q02b, G_Q02c, G_Q02d",Index of use of writing skills at work (derived),Index der Nutzung von Schreibfähigkeiten am Arbeitsplatz (abgeleitet)
WRITWORK_SE,"Scale:; .N 	'All zero response'?",Skala:; .N „Alles Null-Antwort“.,"G_Q02a, G_Q02b, G_Q02c, G_Q02d",NA,NA
WRITWORK_WLE_CA,"Scale:; 1    'Lowest to 20%'?; 2    'More than 20% to 40%'?; 3    'More than 40% to 60%'?; 4    'More than 60% to 80%'?; 5    'More than 80%'?; .N 	'All zero response'?",Skala:; 1 „Niedrigster Wert bis 20 %“; 2 „Mehr als 20 % bis 40 %“; 3 „Mehr als 40 % bis 60 %“; 4 „Mehr als 60 % bis 80 %“; 5 „Mehr als 80 %“; .N „Alles Null-Antwort“.,"G_Q02a, G_Q02b, G_Q02c, G_Q02d","Index of use of writing skills at work, categorised WLE (derived)","Index der Nutzung von Schreibfähigkeiten am Arbeitsplatz, kategorisiert nach WLE (abgeleitet)"
WRITWORK_SE_WLE,"Scale:; .N 	'All zero response'?",Skala:; .N „Alles Null-Antwort“.,"G_Q02a, G_Q02b, G_Q02c, G_Q02d",NA,NA
AGEG10LFS_T,"Scale: ordinal (categorical); 1	'24 or less'?; 2	'25-34'?; 3 	'35-44'?; 4 	'45-54'?; 5 	'55 plus'?; .V	'Valid skip''; .D	'Don't know'?; .R	'Refused'?; .N 	'Not stated or inferred'?",Skala: ordinal (kategorial); 1 „24 oder weniger“; 2 '25-34'; 3 '35-44'; 4 '45-54'?; 5 '55 plus'?; .V 'Gültiger Sprung'; .D „Weiß nicht“; .R „Abgelehnt“; .N „Nicht angegeben oder abgeleitet“.,AGEG10LFS,Age in 10 year bands (Trend-IALS/ALL),Alter in 10-Jahres-Bändern (Trend-IALS/ALL)
YRSQUAL_T,"Scale: continuous; .V	'Valid skip''; .R	'Don't know/Refused'?; .N 	'Not stated or inferred'?",Maßstab: kontinuierlich; .V 'Gültiger Sprung'; .R „Weiß nicht/Abgelehnt“; .N „Nicht angegeben oder abgeleitet“.,,Derived variable on total years of schooling during lifetime - top coded at 24 (Trend-IALS/ALL),Abgeleitete Variable zur Gesamtzahl der Schuljahre im Laufe des Lebens – oben kodiert bei 24 (Trend-IALS/ALL)
ISCED_HF,NA,NA,NA,Level of Highest Qualification (Foreign) - Respondent (ISCED) (coded),Höchster Qualifikationsgrad (ausländisch) – Befragter (ISCED) (kodiert)
ISCED_HF_C,NA,NA,NA,"Level of Highest Qualification (collapsed, 14 categories)","Höchster Qualifikationsgrad (komprimiert, 14 Kategorien)"
ISCO08_C,NA,NA,NA,Current Job Occupation - Respondent (ISCO 2008) (coded),Derzeitiger beruflicher Beruf – Befragter (ISCO 2008) (kodiert)
ISCO08_L,NA,NA,NA,Last Job Occupation - Respondent (ISCO 2008) (coded),Letzter beruflicher Beruf – Befragter (ISCO 2008) (kodiert)
ISIC4_C,NA,NA,NA,Current Job Industry - Respondent (ISIC rev 4) (coded),Aktuelle Berufsbranche – Befragter (ISIC rev 4) (codiert)
ISIC4_L,NA,NA,NA,Last Job Industry - Respondent (ISIC rev 4) (coded),Branche des letzten Arbeitsplatzes – Befragter (ISIC rev 4) (codiert)
LNG_L1,NA,NA,NA,First language learned at home in childhood and still understood - Respondent (ISO 639-2/T) (coded),"Muttersprache, die in der Kindheit zu Hause gelernt und noch verstanden wurde – Befragter (ISO 639-2/T) (kodiert)"
LNG_L2,NA,NA,NA,Second language learned at home in childhood and still understood - Respondent (ISO 639-2/T) (coded),"Zweite Sprache, die in der Kindheit zu Hause gelernt und noch verstanden wurde – Befragter (ISO 639-2/T) (codiert)"
LNG_HOME,NA,NA,NA,Language most often spoken at home - Respondent (ISO 639-2/T) (coded),Zu Hause am häufigsten gesprochene Sprache – Befragter (ISO 639-2/T) (kodiert)
CNT_H,NA,NA,NA,Country in which highest qualification was gained - Respondent (UN M49 numerical) (coded),"Land, in dem die höchste Qualifikation erworben wurde – Befragter (UN M49 numerisch) (codiert)"
CNT_BRTH,NA,NA,NA,Country of birth - Respondent (UN M49 numerical) (coded),Geburtsland – Befragter (UN M49 numerisch) (codiert)
REG_TL2,NA,NA,NA,Geographical region - Respondent (OECD TL2) (coded),Geografische Region – Befragter (OECD TL2) (codiert)
LNG_BQ,NA,NA,NA,"Language for background questionnaire (derived, ISO 639-2/T)","Sprache für Hintergrundfragebogen (abgeleitet, ISO 639-2/T)"
LNG_CI,NA,NA,NA,"Language for exercise (derived, ISO 639-2/T)","Übungssprache (abgeleitet, ISO 639-2/T)"
EARNHR,NA,NA,NA,Hourly earnings excluding bonuses for wage and salary earners (derived),Stundenverdienst ohne Prämien für Lohn- und Gehaltsempfänger (abgeleitet)
EARNHRDCL,NA,NA,NA,"Hourly earnings excluding bonuses for wage and salary earners, in deciles (derived)","Stundenverdienst ohne Prämien für Lohn- und Gehaltsempfänger, in Dezilen (abgeleitet)"
EARNHRPPP,NA,NA,NA,"Hourly earnings excluding bonuses for wage and salary earners, PPP corrected $US (derived)","Stundenlohn ohne Prämien für Lohn- und Gehaltsempfänger, KKP korrigiert in US-Dollar (abgeleitet)"
EARNHRBONUS,NA,NA,NA,Hourly earnings including bonuses for wage and salary earners (derived),Stundenverdienst inklusive Prämien für Lohn- und Gehaltsempfänger (abgeleitet)
EARNHRBONUSDCL,NA,NA,NA,"Hourly earnings including bonuses for wage and salary earners, in deciles (derived)","Stundenverdienst inklusive Prämien für Lohn- und Gehaltsempfänger, in Dezilen (abgeleitet)"
EARNHRBONUSPPP,NA,NA,NA,"Hourly earnings including bonuses for wage and salary earners, PPP corrected $US (derived)","Stundenverdienst einschließlich Prämien für Lohn- und Gehaltsempfänger, KKP korrigiert in US-Dollar (abgeleitet)"
EARNMTH,NA,NA,NA,Monthly earnings excluding bonuses for wage and salary earners (derived),Monatsverdienst ohne Prämien für Lohn- und Gehaltsempfänger (abgeleitet)
EARNMTHPPP,NA,NA,NA,"Monthly earnings excluding bonuses for wage and salary earners, PPP corrected $US (derived)","Monatlicher Verdienst ohne Prämien für Lohn- und Gehaltsempfänger, KKP korrigiert in US-Dollar (abgeleitet)"
EARNMTHSELFPPP,NA,NA,NA,"Monthly earnings for self-employed, PPP corrected $US (derived)","Monatliches Einkommen für Selbstständige, PPP korrigiert in US-Dollar (abgeleitet)"
EARNMTHBONUS,NA,NA,NA,Monthly earnings including bonuses for wage and salary earners (derived),Monatsverdienst inklusive Prämien für Lohn- und Gehaltsempfänger (abgeleitet)
EARNMTHALL,NA,NA,NA,Monthly earnings including bonuses for wage and salary earners and self-employed (derived),Monatsverdienst inklusive Prämien für Lohn- und Gehaltsempfänger und Selbstständige (abgeleitet)
EARNMTHALLDCL,NA,NA,NA,"Monthly earnings including bonuses for wage and salary earners and self-employed, in deciles (derived)","Monatsverdienst inklusive Prämien für Lohn- und Gehaltsempfänger und Selbstständige, in Dezilen (abgeleitet)"
EARNMTHALLPPP,NA,NA,NA,"Monthly earnings including bonuses for wage and salary earners and self-employed, PPP corrected $US (derived)","Monatliches Einkommen einschließlich Prämien für Lohn- und Gehaltsempfänger und Selbstständige, KKP korrigiert in US-Dollar (abgeleitet)"
EARNMTHBONUSPPP,NA,NA,NA,"Monthly earnings including bonuses for wage and salary earners, PPP corrected $US (derived)","Monatlicher Verdienst einschließlich Prämien für Lohn- und Gehaltsempfänger, KKP korrigiert in US-Dollar (abgeleitet)"
EARNFLAG,NA,NA,NA,Earnings including bonuses reporting method (derived),Methode zur Berichterstattung über Einnahmen einschließlich Boni (abgeleitet)
NUMWORK_WLE_CA,NA,NA,NA,"Index of use of numeracy skills at work (basic and advanced), categorised WLE (derived)","Index der Nutzung von Rechenkompetenzen am Arbeitsplatz (Grundkenntnisse und Fortgeschrittene), kategorisiert nach WLE (abgeleitet)"
,,,,,
,,,,,
,,,,,
,,,,,
,,,,,
,,,,,
,,,,,
,,,,,
,,,,,
,,,,,
,,,,,
,,,,,
,,,,,
,,,,,
,,,,,
,,,,,
,,,,,
,,,,,
,,,,,
,,,,,
,,,,,
,,,,,
,,,,,
,,,,,
,,,,,
,,,,,
,,,,,
,,,,,
,,,,,
,,,,,
,,,,,
,,,,,
,,,,,
,,,,,
,,,,,
,,,,,
,,,,,
,,,,,
,,,,,
,,,,,
,,,,,
,,,,,
,,,,,
,,,,,
,,,,,
,,,,,
,,,,,
,,,,,
,,,,,
,,,,,
,,,,,
,,,,,
,,,,,
,,,,,
,,,,,
,,,,,
,,,,,
,,,,,
,,,,,
,,,,,
,,,,,
,,,,,
,,,,,
,,,,,
,,,,,
,,,,,
,,,,,
,,,,,
,,,,,
,,,,,
,,,,,
,,,,,
,,,,,
,,,,,
,,,,,
,,,,,
,,,,,
,,,,,
,,,,,
,,,,,
,,,,,
,,,,,
,,,,,
,,,,,
,,,,,
,,,,,
,,,,,
,,,,,
,,,,,
,,,,,
,,,,,
,,,,,
,,,,,
,,,,,
,,,,,
,,,,,
,,,,,
,,,,,
,,,,,
,,,,,
,,,,,
,,,,,
,,,,,
,,,,,
,,,,,
,,,,,
,,,,,
,,,,,
,,,,,
,,,,,
,,,,,
,,,,,
,,,,,
,,,,,
,,,,,
,,,,,
,,,,,
,,,,,
,,,,,
,,,,,
,,,,,
,,,,,
,,,,,
,,,,,
,,,,,
,,,,,
,,,,,
,,,,,
,,,,,
,,,,,
,,,,,
,,,,,
,,,,,
,,,,,
,,,,,
,,,,,
,,,,,
,,,,,
,,,,,
,,,,,
,,,,,
,,,,,
,,,,,
,,,,,
,,,,,
,,,,,
,,,,,
,,,,,
,,,,,
,,,,,
,,,,,
,,,,,
,,,,,
,,,,,
,,,,,
,,,,,
,,,,,
,,,,,
,,,,,
,,,,,
,,,,,
,,,,,
,,,,,
,,,,,
,,,,,
,,,,,
,,,,,
,,,,,
,,,,,
,,,,,
,,,,,
,,,,,
,,,,,
,,,,,
,,,,,
,,,,,
,,,,,
,,,,,
,,,,,
,,,,,
,,,,,
,,,,,
,,,,,
,,,,,
,,,,,
,,,,,
,,,,,
,,,,,
,,,,,
,,,,,
,,,,,
,,,,,
,,,,,
,,,,,
,,,,,
,,,,,
,,,,,
,,,,,
,,,,,
,,,,,
,,,,,
,,,,,
,,,,,
,,,,,
,,,,,
,,,,,
,,,,,
,,,,,
,,,,,
,,,,,
,,,,,
,,,,,
,,,,,
,,,,,
,,,,,
,,,,,
,,,,,
,,,,,
,,,,,
,,,,,
,,,,,
,,,,,
,,,,,
,,,,,
,,,,,
,,,,,
,,,,,
,,,,,
,,,,,
,,,,,
,,,,,
,,,,,
,,,,,
,,,,,
,,,,,
,,,,,
,,,,,
,,,,,
,,,,,
,,,,,
,,,,,
,,,,,
,,,,,
,,,,,
,,,,,
,,,,,
,,,,,
,,,,,
,,,,,
,,,,,
,,,,,
,,,,,
,,,,,
,,,,,
,,,,,
,,,,,
,,,,,
,,,,,
,,,,,
,,,,,
,,,,,
,,,,,
,,,,,
,,,,,
,,,,,
,,,,,
,,,,,
,,,,,
,,,,,
,,,,,
,,,,,
,,,,,
,,,,,
,,,,,
,,,,,
,,,,,
,,,,,
,,,,,
,,,,,
,,,,,
,,,,,
,,,,,
,,,,,
,,,,,
,,,,,
,,,,,
,,,,,
,,,,,
,,,,,
,,,,,
,,,,,
,,,,,
,,,,,
,,,,,
,,,,,
,,,,,
,,,,,
,,,,,
,,,,,
,,,,,
,,,,,
,,,,,
,,,,,
,,,,,
,,,,,
,,,,,
,,,,,
,,,,,
,,,,,
,,,,,
,,,,,
,,,,,
,,,,,
,,,,,
,,,,,
,,,,,
,,,,,
,,,,,
,,,,,
,,,,,
,,,,,
,,,,,
,,,,,
,,,,,
,,,,,
,,,,,
,,,,,
,,,,,
,,,,,
,,,,,
,,,,,
,,,,,
,,,,,
,,,,,
,,,,,
,,,,,
,,,,,
,,,,,
,,,,,
,,,,,
,,,,,
,,,,,
,,,,,
,,,,,
,,,,,
,,,,,
,,,,,
,,,,,
,,,,,
,,,,,
,,,,,
,,,,,
,,,,,
,,,,,
,,,,,
,,,,,
,,,,,
,,,,,
,,,,,
,,,,,
,,,,,
,,,,,
,,,,,
,,,,,
,,,,,
,,,,,
,,,,,
,,,,,
,,,,,
,,,,,
,,,,,
,,,,,
,,,,,
,,,,,
,,,,,
,,,,,
,,,,,
,,,,,
,,,,,
,,,,,
,,,,,
,,,,,
,,,,,
,,,,,
,,,,,
,,,,,
,,,,,
,,,,,
,,,,,
,,,,,
,,,,,
,,,,,
,,,,,
,,,,,
,,,,,
,,,,,
,,,,,
,,,,,
,,,,,
,,,,,
,,,,,
,,,,,
,,,,,
,,,,,
,,,,,
,,,,,
,,,,,
,,,,,
,,,,,
,,,,,
,,,,,
,,,,,
,,,,,
,,,,,
,,,,,
,,,,,
,,,,,
,,,,,
,,,,,
,,,,,
,,,,,
,,,,,
,,,,,
,,,,,
,,,,,
,,,,,
,,,,,
,,,,,
,,,,,
,,,,,
,,,,,
,,,,,
,,,,,
,,,,,
,,,,,
,,,,,
,,,,,
,,,,,
,,,,,
,,,,,
,,,,,
,,,,,
,,,,,
,,,,,
,,,,,
,,,,,
,,,,,
,,,,,
,,,,,
,,,,,
,,,,,
,,,,,
,,,,,
,,,,,
,,,,,
,,,,,
,,,,,
,,,,,
,,,,,
,,,,,
,,,,,
,,,,,
,,,,,
,,,,,
,,,,,
,,,,,
,,,,,
,,,,,
,,,,,
,,,,,
,,,,,
,,,,,
,,,,,
,,,,,
,,,,,
,,,,,
,,,,,
,,,,,
,,,,,
,,,,,
,,,,,
,,,,,
,,,,,
,,,,,
,,,,,
,,,,,
,,,,,
,,,,,
,,,,,
,,,,,
,,,,,
,,,,,
,,,,,
,,,,,
,,,,,
,,,,,
,,,,,
,,,,,
,,,,,
,,,,,
,,,,,
,,,,,
,,,,,
,,,,,
,,,,,
,,,,,
,,,,,
,,,,,
,,,,,
,,,,,
,,,,,
,,,,,
,,,,,
,,,,,
,,,,,
,,,,,
,,,,,
,,,,,
,,,,,
,,,,,
,,,,,
,,,,,
,,,,,
,,,,,
,,,,,
,,,,,
,,,,,
,,,,,
,,,,,
,,,,,
,,,,,
,,,,,
,,,,,
,,,,,
,,,,,
,,,,,
,,,,,
,,,,,
,,,,,
,,,,,
,,,,,
,,,,,
,,,,,
,,,,,
,,,,,
,,,,,
,,,,,
,,,,,
,,,,,
,,,,,
,,,,,
,,,,,
,,,,,
,,,,,
,,,,,
,,,,,
,,,,,
,,,,,
,,,,,
,,,,,
,,,,,
,,,,,
,,,,,
,,,,,
,,,,,
,,,,,
,,,,,
,,,,,
,,,,,
,,,,,
,,,,,
,,,,,
,,,,,
,,,,,
,,,,,
,,,,,
,,,,,
,,,,,
,,,,,
,,,,,
,,,,,
,,,,,
,,,,,
,,,,,
,,,,,
,,,,,
,,,,,
,,,,,
,,,,,
,,,,,
,,,,,
,,,,,
,,,,,
,,,,,
,,,,,
,,,,,
,,,,,
,,,,,
,,,,,
,,,,,
,,,,,
,,,,,
,,,,,
,,,,,
,,,,,
,,,,,
,,,,,
,,,,,
,,,,,
,,,,,
,,,,,
,,,,,
,,,,,
,,,,,
,,,,,
,,,,,
,,,,,
,,,,,
,,,,,
,,,,,
,,,,,
,,,,,
,,,,,
,,,,,
,,,,,
,,,,,
,,,,,
,,,,,
,,,,,
,,,,,
,,,,,
,,,,,
,,,,,
,,,,,
,,,,,
,,,,,
,,,,,
,,,,,
,,,,,
,,,,,
,,,,,
,,,,,
,,,,,
,,,,,
,,,,,
,,,,,
,,,,,
,,,,,
,,,,,
,,,,,
,,,,,
,,,,,
,,,,,
,,,,,
,,,,,
,,,,,
,,,,,
,,,,,
,,,,,
,,,,,
,,,,,
,,,,,
,,,,,
,,,,,
,,,,,
,,,,,
,,,,,
,,,,,
,,,,,
,,,,,
,,,,,
,,,,,
,,,,,
,,,,,
,,,,,
,,,,,
,,,,,
,,,,,
,,,,,
,,,,,
,,,,,
,,,,,
,,,,,
,,,,,
,,,,,
,,,,,
,,,,,
,,,,,
,,,,,
,,,,,
,,,,,
,,,,,
,,,,,
,,,,,
,,,,,
,,,,,
,,,,,
,,,,,
,,,,,
,,,,,
,,,,,
,,,,,
,,,,,
,,,,,
,,,,,
,,,,,
,,,,,
,,,,,
,,,,,
,,,,,
,,,,,
,,,,,
,,,,,
,,,,,
,,,,,
,,,,,
,,,,,
,,,,,
,,,,,
,,,,,
,,,,,
,,,,,
,,,,,
,,,,,
,,,,,
,,,,,
,,,,,
,,,,,
,,,,,
,,,,,
,,,,,
,,,,,
,,,,,
,,,,,
,,,,,
,,,,,
,,,,,
,,,,,
,,,,,
,,,,,
,,,,,
,,,,,
,,,,,
,,,,,
,,,,,
,,,,,
,,,,,
,,,,,
,,,,,
,,,,,
,,,,,
,,,,,
,,,,,
,,,,,
,,,,,
,,,,,
,,,,,
,,,,,
,,,,,
,,,,,
,,,,,
,,,,,
,,,,,
,,,,,
,,,,,
,,,,,
,,,,,
,,,,,
,,,,,
,,,,,
,,,,,
,,,,,
,,,,,
,,,,,
,,,,,
,,,,,
,,,,,
,,,,,
,,,,,
,,,,,
,,,,,
,,,,,
,,,,,
,,,,,
,,,,,
,,,,,
,,,,,
,,,,,
,,,,,
,,,,,
,,,,,
,,,,,
,,,,,
,,,,,
,,,,,
,,,,,
,,,,,
,,,,,
,,,,,
,,,,,
,,,,,
,,,,,
,,,,,
,,,,,
,,,,,
,,,,,
,,,,,
,,,,,
,,,,,
,,,,,
,,,,,
,,,,,
,,,,,
,,,,,
,,,,,
,,,,,
,,,,,
,,,,,
,,,,,
,,,,,
,,,,,
,,,,,
,,,,,
,,,,,
,,,,,
,,,,,
,,,,,
,,,,,
,,,,,
,,,,,
,,,,,
,,,,,
,,,,,
,,,,,
,,,,,
,,,,,
,,,,,
,,,,,
,,,,,
,,,,,
,,,,,
,,,,,
,,,,,
,,,,,
,,,,,
,,,,,
,,,,,
,,,,,
,,,,,
,,,,,
,,,,,
,,,,,
,,,,,
,,,,,
,,,,,
,,,,,
,,,,,
,,,,,
,,,,,
,,,,,
,,,,,
,,,,,
,,,,,
,,,,,
,,,,,
,,,,,
,,,,,
,,,,,
,,,,,
,,,,,
